"Job title (original)","Job title (short)","Company","Country","State","City","Schedule type","Experience years","Seniority","Skills","Degrees","Software"
"Junior Product Manager","Product Manager","Tuotempo","Spain","Catalonia","Barcelona","Full-time","0-3","Junior","Product Development; Product Lifecycle Management; Requirements Gathering; Stakeholder Management","Bachelor's Degree",""
"Product Associate","Product Manager","Zenown","Spain","Unknown","Unknown","Unknown","0-3","Unknown","Product Development; Requirements Gathering; Market Research; Product Analytics; Product Ops support tasks; Stakeholder Management; Cross-functional Collaboration; Communication; Problem Solving; Analytical Thinking","",""
"Product Manager","Product Manager","Wikifarmer","Spain","Unknown","Unknown","Full-time","3-5","Mid","Product Development; Product Roadmapping; Feature Prioritization; Market Research; Competitive Analysis; Product Analytics; A/B Testing; Experiment Design; Experiment Analysis; Stakeholder Management; Cross-functional Collaboration; KPI Definition; Product-led Growth (PLG); Product Strategy; Communication; Analytical Thinking; Experimentation","","Google Analytics; GA4; Tableau; Power BI"
"Manager, Product Manager","Product Manager","Canonical","EMEA","Unknown","Unknown","Full-time","5+","Manager","Product Development; Product Lifecycle Management; Market Research; Stakeholder Management; Cross-functional Collaboration; Executive Communication; Agile; Product Strategy; Roadmap Prioritization; Communication; Problem Solving; Leadership; Mentoring; Analytical Thinking; Business Acumen; Technical Writing; Project Management; Presentation Skills; Data Analysis; Regulatory Compliance; Customer Segmentation; Experiment Analysis; Hypothesis Testing","Higher Education","Docker; Kubernetes; Git; GitHub; GitLab; Azure; AWS; GCP; Slack; Microsoft Teams; Zoom; Google Meet; Microsoft Office; Excel; PowerPoint; Word; Outlook; Google Workspace; Confluence; Jira; Notion; Trello; Asana; ClickUp; Monday.com; Wrike"
"Product Manager - OpenData","Product Manager","Veeva Systems","Spain","Unknown","Unknown","Full-time","5+","Manager","Stakeholder Management; Cross-functional Collaboration; Data Modeling; Data Analysis; Requirements Gathering; Product Development; Healthcare Knowledge","Bachelor's Degree","SQL; Tableau; Power BI; Looker; Mode; Metabase; Redash; Apache Superset; Excel"
"Product Manager (100% Remote)","Product Manager","Robert Walters","Spain","Comunitat Valenciana","Valencia","Unknown","5+","Manager","Product Development; Product Roadmapping; Feature Prioritization; User Stories; Requirements Gathering; Market Research; Competitive Analysis; Product Analytics; Stakeholder Management; Cross-functional Collaboration; Executive Communication; OKRs; KPI Definition; Metrics Design; Performance Measurement; Roadmap Communication; Agile; Communication; Analytical Thinking; Business Acumen; Strategic Thinking; Problem Solving","","Google Analytics; Looker; Mixpanel; Figma"
"Product Manager","Product Manager","Triple","Spain","Unknown","Unknown","Unknown","3-5","Unknown","Product Strategy; Product Development; Product Roadmapping; Feature Prioritization; Requirements Gathering; Stakeholder Management; Cross-functional Collaboration; Communication; Problem Solving; API","",""
"Global Product Manager - Crop Protection / Insecticides","Product Manager","ADAMA","European Union","Unknown","Unknown","Full-time","5+","Manager","Product Strategy; Product Development; Product Roadmapping; Stakeholder Management; Market Research; Competitive Analysis; Product Lifecycle Management; Strategic Thinking","Bachelor's Degree; Master's Degree",""
"Product Manager","Product Manager","Incode","Spain","Unknown","Unknown","Full-time","5+","Manager","Product Strategy; Product Development; Product Roadmapping; Feature Prioritization; Market Research; Competitive Analysis; Stakeholder Management; Cross-functional Collaboration; Product-led Growth (PLG); Experimentation; Analytical Thinking; Business Acumen; Strategic Thinking; Executive Communication","",""
"Growth Product Manager (Web)","Product Manager","Reverse Tech","Spain","Catalonia","Barcelona","Full-time","5+","Mid","Product Strategy; Product Development; Product Launch; Product Roadmapping; Feature Prioritization; User Stories; Requirements Gathering; Market Research; Competitive Analysis; Product Analytics; Growth Hacking; Product-led Growth (PLG); A/B Testing; Experiment Design; Experiment Analysis; Conversion Rate Optimization (CRO); Funnel Analysis; Stakeholder Management; Cross-functional Collaboration; Communication; Problem Solving; Analytical Thinking","","Google Analytics; Amplitude; Hotjar; Tableau; Power BI; Looker; Google Optimize; Optimizely; VWO"
"Product Manager","Product Manager","Seedtag","Spain","Comunidad de Madrid","Madrid","Full-time","5+","Manager","Product Strategy; Product Development; Product Roadmapping; Feature Prioritization; Stakeholder Management; Cross-functional Collaboration; Communication; Problem Solving; Analytical Thinking; Business Acumen; Strategic Thinking","Engineering; Other",""
"Product Manager, Consumer Trading","Product Manager","Kraken","European Economic Area","Unknown","Unknown","Full-time","3-5","Mid","Product Strategy; Product Development; Product Roadmapping; Feature Prioritization; User Stories; Requirements Gathering; Market Research; Competitive Analysis; Product Analytics; Data Analysis; Data Visualization; Product-led Growth (PLG); Growth Hacking; Pricing Strategy; Churn Reduction; Communication; Stakeholder Management; Experimentation; Funnel Analysis","","SQL"
"Credit Product Manager (SME Business Lending)","Product Manager","Revolut","Spain","Unknown","Unknown","Full-time","5+","Lead","Product Development; Product Launch; Product Strategy; Market Research; Competitive Analysis; User Research; UI/UX Design; Product Analytics; Stakeholder Management; Cross-functional Collaboration; Requirements Gathering; Data-driven decision making; Risk Management; Business Acumen; Analytical Thinking; Problem Solving; Communication; Negotiation","",""
"Technical Product Manager - Producto API - scrum, agile - remoto (*A)","Product Manager","BETWEEN TECHNOLOGY","Spain","Community of Madrid","Madrid","Full-time","5+","Unknown","Stakeholder Management; Cross-functional Collaboration; Communication; Agile; Scrum; Product Development; Product Roadmapping; Feature Prioritization; Product Analytics; Product Strategy; OKRs; API","","Swagger; OpenAPI"
"Product Manager (relocation to Abu Dhabi","Product Manager","Presight","European Union","Unknown","Unknown","Unknown","5+","Manager","Product Strategy; Product Development; Product Launch; Product Roadmapping; Feature Prioritization; User Stories; Requirements Gathering; Market Research; Competitive Analysis; Product Analytics; Stakeholder Management; Cross-functional Collaboration; Communication; Analytical Thinking","Bachelor's Degree; Engineering","Figma"
"Product Manager Identity Verification & Fraud","Product Manager","Microblink","European Union","Unknown","Unknown","Full-time","3-5","Manager","Product Strategy; Product Development; Product Roadmapping; Market Research; Product Analytics; Stakeholder Management; Cross-functional Collaboration; Agile; Communication; Problem Solving; Strategic Thinking; Analytical Thinking; Data Analysis; KPI Definition; Metrics Design; Data-driven decision making","Bachelor's Degree; Engineering; Business",""
"Product Manager","Product Manager","Unknown","European Union","Unknown","Unknown","Full-time","5+","Manager","Product Strategy; Product Development; Product Launch; Product Roadmapping; Feature Prioritization; Market Research; Competitive Analysis; Product Lifecycle Management; Stakeholder Management; Cross-functional Collaboration; Communication; Presentation Skills; Analytical Thinking; Business Acumen; Product Analytics","Bachelor's Degree; Master's Degree",""
"Principal Product Manager","Product Manager","Welltech","Spain","Catalonia","Barcelona","Full-time","3-5","Unknown","Product Strategy; Product Roadmapping; Market Research; Competitive Analysis; Product Development; Product Launch; Agile; Scrum; A/B Testing; Data Analysis; User Research; Stakeholder Management; Cross-functional Collaboration; Communication; Product Lifecycle Management; User Stories","",""
"Staff Product Manager (remote, UTC-3 to UTC+3)","Product Manager","Checkly","Spain","Community of Madrid","Madrid","Full-time","5+","Senior","Product Strategy; Product Development; Product Launch; Product Roadmapping; Feature Prioritization; User Stories; Requirements Gathering; Market Research; Competitive Analysis; Product Analytics; Growth Hacking; Stakeholder Management; Cross-functional Collaboration; Executive Communication; Product Lifecycle Management; Agile; OKRs; KPI Definition","","Slack; Microsoft Teams; Zoom; Google Meet; Miro; Mural; Whimsical; Lucidchart; Jamboard; FigJam; MS Whiteboard; Jira; Confluence; Notion; Trello; Asana; ClickUp; Monday.com; Wrike; Figma"
"Sales Account & Product Manager Iberia – Compounding / Plastic Materials","Product Manager","IMCD","Spain","Unknown","Unknown","Unknown","5+","Manager","Stakeholder Management; Cross-functional Collaboration","Engineering","Salesforce"
"Product Designer","Product Designer","Mercadona Tech","Spain","Valencian Community","Valencia","Full-time","3-5","Mid","User Research; User-Centered Design; Design Thinking; Wireframing; Prototyping; UI/UX Design; Agile; Stakeholder Management; Cross-functional Collaboration; Communication; Problem Solving","","Figma; Sketch; Framer"
"Ingeniero/a Industrial (consultoría operacional)","Consultant","Laberit","Spain","Valencian Community","Valencia","Unknown","0-3","Unknown","Process Optimization","Engineering",""
"¿Quieres trabajar con nosotros?","Unknown","Octopus Energy","Spain","Valencia","Valencia","Full-time","Unknown","Unknown","","",""
"Junior/Beca en Deloitte Legal - Valencia","Consultant","Deloitte","Spain","Valencian Community","Valencia","Unknown","0-3","Unknown","Communication; Problem Solving; Analytical Thinking; Stakeholder Management","Bachelor's Degree; Master's Degree",""
"Data Analyst (Mobile Games)","Data Analyst","Unknown","European Union","Unknown","Unknown","Contract","3-5","Mid","Data Analysis; Data Visualization; Reporting & Dashboards; KPI Dashboards; Funnel Analysis; Attribution Modeling; Business Intelligence; Google Analytics (UA); A/B Testing","","Excel; Google Analytics"
"Becario de operaciones","Operations Manager","Unknown","Spain","Valencian Community","Valencia","Full-time","0-3","Intern","Stakeholder Management; Cross-functional Collaboration; Communication; Organization; Process Optimization","Engineering; Higher Education","Excel"
"Técnico/a de planificación de la demanda","Data Analyst","Norauto","Spain","Valencia","Valencia","Full-time","0-3","Unknown","Data Analysis; Communication; Problem Solving; Organization; Logistics; Stakeholder Management; Supply Chain Management","Bachelor's Degree; Master's Degree; Engineering","Excel"
"Business Analyst (Pricing & Operations)","Business Analyst","IVC Evidensia","Spain","Valencian Community","Valencia","Full-time","3-5","Unknown","Data Analysis; Stakeholder Management; Communication; Organization; Project Management; KPI Definition; Business Acumen; Reporting & Dashboards","","Excel; Power BI; SQL"
"Player Care - QA Analyst - Monopoly GO!","QA / Test Engineer","Scopely","Spain","Andalucía","Sevilla","Unknown","0-3","Unknown","Communication; Quality Assurance; Stakeholder Management","","Jira; Excel"
"Responsable de Planificación, Seguimiento de Negocio y Operaciones Territorial_DT Levante","Business Analyst","AXA","Spain","Valencian Community","Valencia","Unknown","5+","Unknown","Stakeholder Management; Cross-functional Collaboration","Bachelor's Degree; Engineering",""
"Supply Chain Sales Specialist","Consultant","Imperia","Spain","Valencian Community","Valencia","Full-time","0-3","Unknown","Sales enablement understanding; Account Management basics; Communication; Stakeholder Management; Negotiation","","Slack; Microsoft Teams; Zoom; Google Meet"
"Governance Risk & Compliance Analyst","Compliance / Regulatory Specialist","XTEL","European Union","Unknown","Unknown","Full-time","3-5","Mid","Risk Management; Regulatory Compliance; Security; Stakeholder Management","","Azure; Microsoft Office; Microsoft Teams"
"Business Analyst","Business Analyst","Sollers","Spain","Valencian Community","Valencia","Full-time","0-3","Unknown","Business Acumen; Problem Solving; Analytical Thinking; Agile; Stakeholder Management","Bachelor's Degree",""
"Murex Business Analyst 100% Remoto","Business Analyst","Unknown","Spain","Unknown","Unknown","Unknown","5+","Unknown","Financial Analysis; Problem Solving","","SQL"
"Product Data Analyst – User dashboards B2B2C","Data Analyst","Fourvenues","Spain","Valencian Community","Valencia","Full-time","3-5","Mid","Data Analysis; Data Visualization; UX metrics (task success, time on task); Requirements Gathering; Stakeholder Management; KPI Definition; Data-driven decision making; Business Intelligence; Data Warehousing concepts; Funnel & Retention Dashboards; API; Business Acumen; Analytical Thinking; Communication; Regulatory Compliance; Quality Assurance","","Tableau; Looker; SQL; JavaScript; TypeScript; Power BI"
"Analista de Negocio - Precios & Operaciones","Business Analyst","IVC Evidensia","Spain","Valencian Community","Valencia","Full-time","3-5","Unknown","Stakeholder Management; KPI Definition; Cross-functional Collaboration; Data Analysis; Communication; Organization; Problem Solving","","Excel; Power BI; SQL"
"E-Commerce Manager","Digital Marketing Specialist","Puchol Logistics","Spain","Valencian Community","Valencia","Full-time","0-3","Unknown","SEO; SEM; Marketing Analytics; Communication; Problem Solving; Analytical Thinking","","Excel"
"Analytics Business Consultant (m/f/d)","Business Analyst","BSH Electrodomésticos","Spain","Valencian Community","Valencia","Full-time","0-3","Unknown","Agile; Scrum; Kanban; Stakeholder Management; Business Intelligence; Security","Engineering; Other","Power BI; Jira"
"Claims Data Analyst/Business Analyst. Healthcare","Data Analyst","Trinetix","United States","Tennessee","Nashville","Unknown","5+","Unknown","Data Analysis; Business Intelligence; Data Warehousing concepts; Requirements Gathering; Stakeholder Management; Communication; Problem Solving; Business Acumen; Healthcare Knowledge","Bachelor's Degree","Power BI; Tableau; Looker; SQL"
"Sales Representative Specialist - Valencia","Sales Representative","Leica Geosystems","Spain","Valencia","Valencia","Full-time","5+","Unknown","Sales enablement understanding; Account Management basics; Stakeholder Management; Negotiation; Communication","Engineering; Higher Education","Salesforce"
"IT Business Analyst","Business Analyst","ERNI","Spain","Valencian Community","Valencia","Unknown","5+","Senior","Data Analysis; Requirements Gathering; Stakeholder Management; Cross-functional Collaboration; Communication; Analytical Thinking; Agile; SDLC; Quality Assurance","","Jira; Confluence"
"IT Business Analyst con Francés","Business Analyst","Sopra Steria","Spain","Valencian Community","Valencia","Full-time","3-5","Unknown","Requirement Gathering (detailed); Stakeholder Management; Cross-functional Collaboration","",""
"Técnico/a de redes","Network Engineer","Prosodie","Spain","Valencian Community","Valencia","Full-time","0-3","Unknown","Communication; Security; Regulatory Compliance","Higher Education; Engineering",""
"Salesforce Marketing Cloud","Software Engineer","Xplore Group","Spain","Valencian Community","Valencia","Full-time","0-3","Junior","Agile; Scrum; Kanban; A/B Testing; Data Modeling; API","","JavaScript; AWS; Azure; Git; GitHub; Jira; Confluence; SQL"
"Backend AI Engineer","ML Engineer","Shakers","Spain","Valencian Community","Madrid","Unknown","3-5","Unknown","Backend Development; Version Control; API; Performance Optimization; Cross-functional Collaboration; CI/CD; DevOps","","Python; Docker; AWS; Azure; GCP; OpenAI API; Anthropic API; LangChain; LlamaIndex"
"Especialista en Customer Care","Consultant","Octopus Energy","Spain","Valencian Community","Valencia","Full-time","0-3","Unknown","Communication; Problem Solving; Customer Success alignment","Higher Education; Vocational Training","Excel"
"Gestor/a Energético/a (Valencia)","Customer Success","Octopus Energy Spain","Spain","Valencian Community","Valencia","Full-time","0-3","Unknown","Communication; Customer Success alignment; Sales enablement understanding; Account Management basics; Support escalation processes","",""
"Product Analyst – Optimización de flujos de compra y configuración","Product Analyst","Fourvenues","Spain","Valencian Community","Valencia","Full-time","3-5","Mid","Data Analysis; Data Visualization; A/B Testing; Funnel Analysis; Cohort Analysis; Experiment Design; Stakeholder Management; Communication; Business Acumen; Analytical Thinking; Problem Solving","","SQL; Tableau; Power BI; GA4; Mixpanel; Amplitude; Looker"
"Social Media & Content Growth Specialist","Consultant","Imperia","Spain","Valencian Community","Valencia","Full-time","3-5","Mid","Content Marketing; Social Media Marketing; Growth Strategy; Communication; Stakeholder Management","",""
"Business Operations","Project Manager","Imperia","Spain","Valencian Community","Valencia","Full-time","0-3","Unknown","Project Management; Process Optimization; Stakeholder Management; Communication","Engineering; Computer Science","SQL; SQL Server; Oracle"
"Business Analyst/Product Owner. Healthcare. Clinical data","Business Analyst","Trinetix","United States","Tennessee","Nashville","Unknown","5+","Senior","Stakeholder Management; Cross-functional Collaboration; Product Strategy; Product Development; Requirements Gathering; Agile; Scrum; Product Roadmapping; Product Lifecycle Management; Data Analysis; Data Visualization; Business Intelligence; Product Analytics; A/B Testing; User Research; User Stories; KPI Definition; Communication; Problem Solving; Regulatory Compliance","Bachelor's Degree; Master's Degree","AWS; Azure; GCP; Snowflake; Databricks; Power BI; Looker; Tableau; Excel; Jira; Confluence; SQL"
"Digital Data Analyst","Data Analyst","Fourvenues","Spain","Valencian Community","Valencia","Unknown","3-5","Unknown","Data Analysis; Data Visualization; Business Intelligence; Stakeholder Management; Communication; Problem Solving; Analytical Thinking; Funnel Analysis; KPI Definition; Metrics Design; Reporting & Dashboards; KPI Dashboards; Data-driven decision making; Experiment Design; Hypothesis Testing; Data Warehousing concepts","","SQL; Google Analytics; GA4; Tableau; Looker; Google Workspace; Excel; Python; MongoDB; Google Tag Manager"
"Product Owner","Product Owner","Mercadona","Spain","Valencian Community","Albalat dels Sorells","Full-time","3-5","Unknown","Product Strategy; Product Development; Product Launch; Product Roadmapping; Feature Prioritization; User Stories; Requirements Gathering; Market Research; Competitive Analysis; Product Analytics; Stakeholder Management; Cross-functional Collaboration; Executive Communication; Product Lifecycle Management; Agile; Scrum","Engineering","Jira; Confluence"
"Product Owner","Product Owner","BrainRocket","Spain","Valencian Community","Valencia","Unknown","3-5","Unknown","Product Development; Stakeholder Management; Cross-functional Collaboration; Communication; Analytical Thinking; Problem Solving; Organization; Leadership; Conflict Resolution; Agile; Scrum; OKRs; Requirements Gathering","","Jira; Confluence"
"Product Owner (m/f/d)","Product Owner","Unknown","Spain","Unknown","Unknown","Unknown","3-5","Unknown","Product Strategy; Product Development; Product Roadmapping; Feature Prioritization; User Stories; Requirements Gathering; Market Research; Stakeholder Management; Cross-functional Collaboration; Agile; Scrum; User-Centered Design; UI/UX Design; Product Analytics","","Figma; Jira; Confluence; Google Analytics"
"Product Owner – Insight Analytics & AI","Product Owner","Unknown","Spain","Valencian Community","Valencia","Full-time","3-5","Unknown","Product Strategy; Product Development; Product Roadmapping; Feature Prioritization; User Stories; Requirements Gathering; Market Research; Competitive Analysis; Product Analytics; Growth Hacking; Product Ops support tasks; Opportunity Sizing; Requirement Gathering (detailed); Acceptance Criteria; Stakeholder Management; Cross-functional Collaboration; Executive Communication; OKRs; KPI Definition; Metrics Design; Performance Measurement; Roadmap Communication; Roadmap tradeoff communication; Launch post-mortems and learnings; Agile; Scrum; Data Analysis; Machine Learning; AI; Predictive Analytics; MLOps awareness; Ethical AI awareness; Experimentation; A/B Testing; Communication; Presentation Skills; Data-driven decision making","","Power BI; Tableau; Jira; Confluence; Notion; MLflow; DataRobot; Looker"
"Product Owner","Product Owner","Mercadona IT","Spain","Valencian Community","Albalat dels Sorells","Unknown","3-5","Unknown","Product Strategy; Product Development; Product Launch; Product Roadmapping; Feature Prioritization; User Stories; Requirements Gathering; Stakeholder Management; Cross-functional Collaboration; Agile; Scrum; Product Lifecycle Management; Communication; Problem Solving; Analytical Thinking","Engineering","Jira; Confluence"
"Project Manager","Project Manager","Nunsys Group","Spain","Valencian Community","Valencia","Unknown","5+","Unknown","Project Management; Agile; Scrum; Stakeholder Management; Cross-functional Collaboration; Communication; Risk Management; Regulatory Compliance; Technical Writing","","Microsoft Office; Confluence; Jira"
"Project Manager Técnico JR/ IT Project Manager JR","Project Manager","Randstad Digital","Spain","Valencian Community","Madrid","Unknown","0-3","Unknown","Project Management; Communication; Negotiation; Stakeholder Management; Time Management; Organization","Other","Microsoft Office"
"Beca - Junior Project Manager","Consultant","Euro-Funding","Spain","Valencian Community","Valencia","Unknown","0-3","Intern","Analytical Thinking; Technical Writing","Engineering; Higher Education","Microsoft Office; Excel; PowerPoint; Word"
"Responsable de proyectos / Comercial","Project Manager","Ixina Cocinas Alemanas","Spain","Valencia","Alfafar","Full-time","0-3","Unknown","Stakeholder Management","Bachelor's Degree; Higher Education",""
"Talent Pool | Project Manager de Obra","Project Manager","Unknown","Spain","Valencian Community","Valencia","Unknown","3-5","Manager","Project Management; Stakeholder Management; Communication; Negotiation; Problem Solving","",""
"Gestor/a de Proyectos de I+D+i","Project Manager","AIMPLAS","Spain","Valencian Community","Valencia","Full-time","5+","Unknown","Project Management; Stakeholder Management; Cross-functional Collaboration; Leadership; Business Acumen; Negotiation; Problem Solving; Communication; Technical Writing; Quality Assurance; Regulatory Compliance; Financial Analysis; Risk Management","Bachelor's Degree; Master's Degree","Microsoft Office"
"Product Manager PM - Especialista en ticketing y accesos","Consultant","Fourvenues","Spain","Valencian Community","Valencia","Full-time","3-5","Mid","Product Strategy; Product Development; Product Launch; Product Roadmapping; Feature Prioritization; User Stories; Requirements Gathering; Market Research; Competitive Analysis; Product Analytics; Stakeholder Management; Cross-functional Collaboration; Communication; Problem Solving; Analytical Thinking; Business Acumen; OKRs; KPI Definition; Metrics Design; Performance Measurement; Product Ops support tasks; Roadmap Communication; Roadmap tradeoff communication; Launch post-mortems and learnings; Growth Hacking","",""
"Project Manager","Project Manager","BrainRocket","Spain","Valencian Community","Valencia","Full-time","3-5","Unknown","Project Management; Agile; Scrum; Kanban; SDLC; Time Management; Problem Solving; Communication; Risk Management","","Jira; Confluence"
"CP57 Profesional: Jefe de proyecto","Project Manager","Greene","Spain","Valencian Community","Elche","Unknown","3-5","Manager","Project Management; Leadership; Problem Solving; Communication; Stakeholder Management","Engineering","Microsoft Office"
"Manager Nuevos Desarrollos y Oficina Técnica","Project Manager","Unknown","Spain","Valencian Community","Valencia","Unknown","5+","Manager","Project Management; Product Development","Higher Education",""
"IT Project Manager","Project Manager","GRUPO CASFID","Spain","Valencian Community","Valencia","Unknown","5+","Manager","Project Management; Scrum; Kanban; Stakeholder Management; Communication; Problem Solving; Analytical Thinking; Leadership; Agile; Software Development","Engineering","Jira; Confluence; SQL"
"¡Buscamos Project Manager de Marketplaces!","Account Manager","Sidi Global Market S.L.","Spain","Valencian Community","Alacuás","Unknown","3-5","Mid","Stakeholder Management; Communication; Reporting & Dashboards; Data Analysis","","Excel"
"Project Manager","Project Manager","ISTOBAL S.A.","Spain","Valencian Community","L'Alcúdia","Unknown","0-3","Unknown","Project Management; Agile; Scrum; Kanban; Risk Management; Stakeholder Management; Cross-functional Collaboration; Process Optimization","Engineering; Master's Degree","Jira; Microsoft Office"
"Project Manager","Project Manager","Unknown","Spain","Valencian Community","Valencia","Full-time","3-5","Mid","Project Management; Communication; Problem Solving; Technical Writing; Training","Engineering",""
"RESPONSABLE PROYECTOS I+D+I","Project Manager","Importaco","Spain","Valencian Community","Beniparrell","Unknown","3-5","Unknown","Project Management; Stakeholder Management; Cross-functional Collaboration","Engineering; Other; PhD",""
"Development Manager","Project Manager","31st Union","Spain","Valencian Community","Valencia","Full-time","5+","Manager","Project Management; Stakeholder Management; Cross-functional Collaboration; Risk Management; Communication; Problem Solving; Team Management; Mentoring; Leadership; Project Management (advanced)","","Jira; Confluence"
"Gestor/a de Proyectos de obra Interno","Project Manager","Claire Joster","Spain","Valencian Community","Petrel","Full-time","5+","Unknown","Project Management; Stakeholder Management; Negotiation","Engineering; Higher Education",""
"Project Manager de Visión artificial e inteligencia artificial","Project Manager","AINIA","Spain","Valencian Community","Paterna","Full-time","3-5","Manager","Project Management; Agile; Stakeholder Management; Cross-functional Collaboration; Communication; Problem Solving; Analytical Thinking","Bachelor's Degree; Master's Degree; Engineering","Python; C++; Figma; Jira; Confluence"
"Ingeniero/a de Soporte a Gestión de Proyecto - Sector Calderería Industrial (Valencia) (ç)","Project Manager","BETWEEN","Spain","Valencia","Paterna","Full-time","3-5","Mid","Project Management; Stakeholder Management; Communication; Problem Solving","Engineering","Excel; Word"
"Ingeniero de proyecto","Project Manager","García Carrión","Spain","Valencian Community","Segorbe","Unknown","3-5","Unknown","Project Management","Engineering",""
"Proyect Manager","Project Manager","Grupo Elecnor","Spain","Comunidad Valenciana","Castellón","Full-time","3-5","Unknown","Project Management; Stakeholder Management; Leadership","Engineering",""
"Project Manager - Product Improvements","Project Manager","Sonova","Spain","Valencian Community","Alicante","Unknown","3-5","Manager","Project Management; Change Management; Process Optimization; Communication; Problem Solving; Team Management; Cross-functional Collaboration; Stakeholder Management","Engineering","Microsoft Teams"
"Software Project Manager","Project Manager","Preference","Spain","Valencian Community","Valencia","Full-time","5+","Manager","Project Management; Stakeholder Management; Communication; Problem Solving; Process Optimization","Engineering; Higher Education","Jira; Excel"
"Buscamos: Creativo/A 360O Project Manager","Project Manager","Unknown","Spain","Valencian Community","Alicante","Full-time","Unknown","Manager","Stakeholder Management; Executive Communication; Cross-functional Collaboration","","Photoshop; Premiere Pro; After Effects; Canva; Notion; Google Analytics"
"Scrum Master","Project Manager","BrainRocket","Spain","Valencian Community","Valencia","Full-time","3-5","Mid","Agile; Scrum; Kanban; Project Management; Stakeholder Management; Cross-functional Collaboration; Communication; Problem Solving; Facilitation","","Jira; Trello"
"New Product Introduction (NPI) Senior Expert","Project Manager","PowerCo","Spain","Valencian Community","Valencia","Full-time","5+","Unknown","Project Management; Stakeholder Management; Cross-functional Collaboration; Process Optimization; Problem Solving; Critical Thinking; Analytical Thinking; Leadership; Team Management; Mentoring; Communication; Risk Management; Technical Writing; Quality Assurance; Statistical Analysis; Data Analysis","Master's Degree; Engineering; Automotive Engineering; Chemical Engineering; Mechanical Engineering",""
"Consultor/a / PM Dynamics BC","Project Manager","Q-tech","Spain","Unknown","Unknown","Unknown","5+","Senior","Stakeholder Management; Cross-functional Collaboration; Project Management","","Microsoft Office"
"LLP - TMS of Tomorrow Project - Quality Manager","Quality Analyst","Unknown","Spain","Valencian Community","Valencia","Full-time","3-5","Manager","Project Management; Change Management; Agile; Waterfall; Lean; Six Sigma; Stakeholder Management; Communication; Process Optimization; Supply Chain Management; Risk Management; Auditing; Regulatory Compliance; Quality Assurance; Quality Control","Higher Education; Engineering","Excel; PowerPoint; Word"
"Project Manager - Promotora Inmobiliaria","Project Manager","WeHunt","Spain","Valencian Community","Alicante","Unknown","5+","Manager","Project Management; Stakeholder Management; Negotiation; Leadership","Engineering","Microsoft Office"
"Change manager","Unknown","NTT DATA","Spain","Valencian Community","Alicante","Unknown","Unknown","Unknown","Change Management; Stakeholder Management; Communication; Process Optimization","",""
"Internship - Program Management 1 1","Project Manager","Celestica Valencia S.A.","Spain","Valencian Community","Valencia","Internship","0-3","Intern","Project Management; Communication; Problem Solving","","Excel; PowerPoint; Word"
"Project Manager","Project Manager","Vortex","Spain","Valencian Community","Silla","Full-time","3-5","Mid","Project Management; Communication; Problem Solving; Time Management; Training","Engineering",""
"CX Operations & Automation Project Manager","Project Manager","Groupon","Spain","Valencian Community","Madrid","Unknown","5+","Manager","Project Management; Agile; Scrum; Stakeholder Management; Cross-functional Collaboration; Data Analysis; Process Optimization; Problem Solving","Bachelor's Degree; Engineering","Excel; Tableau; Salesforce; Asana; Google Analytics"
"Coordinador/a Lider técnico/a de proyectos IT/Software","Project Manager","Inetum Valencia","Spain","Valencian Community","Valencia","Unknown","5+","Senior","Project Management; Leadership; Stakeholder Management; Communication","",""
"Senior SAP QM/PM Consultant","Consultant","Westernacher Consulting","Spain","Valencian Community","Valencia","Full-time","5+","Senior","Project Management; Stakeholder Management; Communication; Cross-functional Collaboration; Quality Assurance","",""
"Project Manager – Client integrations","Implementation / Onboarding Manager","Apex Group","Spain","Valencian Community","Valencia","Full-time","0-3","Unknown","Project Management; Stakeholder Management; Communication; Regulatory Compliance","Bachelor's Degree",""
"Operational Excellence Manager - 1014784576","Operations Manager","Leadtech","Spain","Catalunya","Barcelona","Full-time","5+","Manager","Agile; Lean; Six Sigma; Project Management; Cross-functional Collaboration; Stakeholder Management; Communication; Analytical Thinking; Problem Solving; Risk Management; Process Optimization; KPI Definition; Data Analysis","Bachelor's Degree; Engineering; Business Administration; Computer Science","Jira; Confluence"
"Project Key Account Manager -Eastern Spain","Account Manager","GROHE","Spain","Valencian Community","Unknown","Unknown","5+","Unknown","Strategic Thinking; Stakeholder Management","Engineering; Other","Salesforce; Google Workspace"
"EU Project Manager","Assistant","Incubadora CON VALORES","Spain","Valencia","Valencia","Full-time","3-5","Unknown","Project Management; Cross-functional Collaboration","","Microsoft Office; Excel; PowerPoint; Word; Outlook; Google Workspace"
"Chargé de projet","Project Manager","Avantis Coopérative","Canada","Québec","Sainte-Marie","Full-time","3-5","Mid","Project Management; Stakeholder Management; Cross-functional Collaboration; Communication","Higher Education",""
"Logistic Automation Project Manager","Operations Manager","Power Electronics","Spain","Valencian Community","Valencia","Unknown","5+","Unknown","Project Management; Process Optimization; Logistics; Stakeholder Management; Training; Mentoring; Leadership; Team Management","Engineering","Microsoft Office; Excel; PowerPoint; Word"
"Salesforce Project Manager","Project Manager","Omega CRM","Spain","Valencian Community","Alicante","Full-time","5+","Manager","Project Management; Agile; Scrum; Stakeholder Management; Cross-functional Collaboration","","Jira; Salesforce"
"PROJECT MANAGER SALESFORCE","Project Manager","Aquaservice","Spain","Valencia","Paterna","Full-time","5+","Manager","Project Management; Stakeholder Management; Communication; Problem Solving","","Salesforce"
"PROJECT MANAGER PARA SERVICIO DE MANTENIMIENTO EN CA9O (VALENCIA)","Project Manager","Germania","Spain","Valencian Community","Valencia","Full-time","3-5","Manager","Project Management; Stakeholder Management; Cross-functional Collaboration; Regulatory Compliance; Leadership; Team Management","Engineering",""
"PROJECT MANAGER SAT","Technical Support Engineer","Unknown","Spain","Valencian Community","Museros","Full-time","5+","Lead","Communication; Technical Writing","Engineering; Higher Education",""
"Service Delivery Manager","Operations Manager","Omada","Spain","Valencian Community","Alicante","Full-time","5+","Manager","Stakeholder Management; Communication; Problem Solving; Process Optimization; Information Security; Change Management; Leadership","","Microsoft Office"
"Projects & BIM Manager","Project Manager","Brandty","Spain","Valencian Community","Guardamar del Segura","Full-time","5+","Manager","Project Management; Stakeholder Management; Regulatory Compliance; Risk Management","Bachelor's Degree; Master's Degree; Engineering","Microsoft Office; Excel; PowerPoint; Word; Outlook"
"PM/SDM comunicaciones (Alicante)","Project Manager","Métrica","Spain","Valencian Community","Sabadell","Unknown","5+","Manager","Project Management","",""
"Product Manager","Product Manager","Avantio","Spain","Valencian Community","Valencia","Full-time","3-5","Manager","Product Development; Product Strategy; Product Roadmapping; Market Research; Competitive Analysis; Stakeholder Management; Cross-functional Collaboration; Requirements Gathering; Communication; Problem Solving; KPI Definition; Metrics Design; Product Analytics; Product-led Growth (PLG); Growth Hacking; Business Acumen; Strategic Thinking; Leadership; Project Management; Agile","","Jira; Confluence; Figma; SQL; Productboard; ProductPlan"
"Product Manager","Product Manager","Cecotec","Spain","Valencian Community","Valencia","Unknown","3-5","Lead","Market Research; Product Development; Stakeholder Management","Bachelor's Degree","Excel"
"OPERATIONAL PRODUCT MANAGER H/M (46)","Operations Manager","Unknown","Spain","Valencian Community","Valencia","Unknown","5+","Manager","Stakeholder Management; Cross-functional Collaboration; Negotiation; Regulatory Compliance; Supply Chain Management; Logistics","Master's Degree; Higher Education","Microsoft Office; Excel; Word; Outlook; PowerPoint"
"CATEGORY/PRODUCT MANAGER","Product Manager","Sp-Berner","Spain","Valencian Community","Aldaya","Unknown","3-5","Manager","Market Research; Stakeholder Management; Cross-functional Collaboration; Analytical Thinking; Strategic Thinking; Communication; Leadership","Higher Education","Excel; PowerPoint; Microsoft Office"
"Product Manager","Product Manager","BrainRocket","Spain","Valencian Community","Valencia","Full-time","0-3","Mid","Product Strategy; Market Research; Competitive Analysis; Cross-functional Collaboration; Stakeholder Management; Problem Solving","",""
"JOIN OUR PRODUCT MANAGEMENT TEAM!","Product Manager","SanLucar","Spain","Valencian Community","Puzol","Full-time","3-5","Unknown","Product Strategy; Market Research; Competitive Analysis; Negotiation; Supply Chain Management; Logistics","Higher Education",""
"Product Manager - TOS UI","Product Manager","Kaleris","Spain","Valencian Community","Valencia","Full-time","5+","Manager","Product Development; Requirements Gathering; Stakeholder Management; Cross-functional Collaboration; Technical Specification; Quality Assurance","",""
"New Product Introduction (NPI) Expert","Project Manager","PowerCo","Spain","Valencian Community","Valencia","Full-time","0-3","Unknown","Project Management; Cross-functional Collaboration; Stakeholder Management; Risk Management; Process Optimization; Technical Writing","Master's Degree; Engineering","Microsoft Office; Excel; PowerPoint; Word; Outlook; Google Workspace"
"ESG Associate Product Manager","Product Analyst","Apex Group","Spain","Valencian Community","Valencia","Unknown","0-3","Mid","Product Strategy; Product Development; Market Research; Competitive Analysis; User Research; Wireframing; Agile; Stakeholder Management; Cross-functional Collaboration; Communication; Analytical Thinking; Problem Solving; Time Management; Organization; Product Analytics; Software Development; User Interviews; Usability Testing; Product Roadmapping","Bachelor's Degree; Master's Degree; Engineering","Jira; Confluence; Figma; Excel; Microsoft Office; Adobe XD; Tableau"
"Administrativo/a en calidad de producto","Quality Analyst","ALE-HOP","Spain","Valencian Community","Oliva","Full-time","0-3","Unknown","Regulatory Compliance","Bachelor's Degree","Microsoft Office"
"ESG Product Manager","Product Manager","Apex Group","Spain","Valencian Community","Valencia","Full-time","5+","Manager","Product Strategy; Product Development; Product Launch; Product Roadmapping; Feature Prioritization; User Stories; Requirements Gathering; Market Research; Competitive Analysis; Product Analytics; Stakeholder Management; Cross-functional Collaboration; Communication; Problem Solving; Analytical Thinking; Agile; User Research; UI/UX Design","Bachelor's Degree; Master's Degree; Engineering","Google Analytics; Jira; Figma; Adobe XD; Confluence"
"Sr Product Manager","Product Manager","EFI","Spain","Valencian Community","Castellón de la Plana","Unknown","5+","Senior","Product Lifecycle Management; Product Strategy; Market Research; Competitive Analysis; Stakeholder Management; Cross-functional Collaboration; Executive Communication; Strategic Thinking; Analytical Thinking; Business Acumen; Leadership; Team Management; Communication; Problem Solving; Pricing Strategy; Go-to-Market (GTM)","Bachelor's Degree",""
"ESG Associate Product Specialist","Product Manager","Apex Group","Spain","Valencian Community","Valencia","Unknown","3-5","Mid","Project Management; Stakeholder Management; Market Research; Competitive Analysis; Product Development; Product Lifecycle Management; Business Acumen; Analytical Thinking; Problem Solving; Communication; Time Management; Organization","Bachelor's Degree; Master's Degree","Azure; Power BI"
"PRODUCT PLANNER","Product Manager","SanLucar","Spain","Valencian Community","Puzol","Unknown","3-5","Unknown","Stakeholder Management; Communication; Problem Solving; Analytical Thinking; Process Optimization","Bachelor's Degree","Excel"
"Crypto Product manager","Product Manager","BrainRocket","Spain","Valencian Community","Valencia","Full-time","0-3","Manager","Product Strategy; Product Development; Product Launch; Product Roadmapping; Market Research; Competitive Analysis; Cross-functional Collaboration; Stakeholder Management; Data Analysis","",""
"Product & Quality Assurance Manager – Sector Espacio y Defensa","Quality Analyst","Unknown","Spain","Valencian Community","Valencia","Unknown","5+","Manager","Quality Assurance; Regulatory Compliance; Risk Management","Engineering; Other",""
"Brands Product Manager Team lead","Product Manager","BrainRocket","Spain","Valencian Community","Valencia","Full-time","5+","Manager","Stakeholder Management; Cross-functional Collaboration; Team Management; Leadership; Executive Communication; Communication; Strategic Thinking; Analytical Thinking; Problem Solving; Quality Assurance; Process Optimization; Regulatory Compliance","","Jira; Confluence; Figma; Sketch; Adobe XD; Microsoft Office"
"Senior Product Manager - Omnia","Product Manager","Confluence","Spain","Valencian Community","Valencia","Full-time","5+","Manager","Product Development; Stakeholder Management; Cross-functional Collaboration; Change Management; Communication; Analytical Thinking; Critical Thinking; Problem Solving; Process Optimization; Regulatory Compliance","Bachelor's Degree; Engineering","Jira; Salesforce; Confluence"
"Senior Product Manager - native Enterprise AI","Product Manager","Maisa","Spain","Valencian Community","Valencia","Full-time","5+","Senior","Product Strategy; Product Development; Product Roadmapping; Feature Prioritization; User Stories; Requirements Gathering; Market Research; Competitive Analysis; Product Analytics; Product-led Growth (PLG); Stakeholder Management; Cross-functional Collaboration; Executive Communication; Product Lifecycle Management; Roadmap Prioritization; OKRs; KPI Definition; Metrics Design; Performance Measurement; Roadmap Communication; Roadmap tradeoff communication; Launch post-mortems and learnings","",""
"Senior Product Manager (Payments Platform, Disbursements)","Product Manager","Flywire","Spain","Valencian Community","Valencia","Full-time","5+","Senior","Product Development; Product Roadmapping; Stakeholder Management; Cross-functional Collaboration; Technical Specification; Communication; Problem Solving","","Jira; Confluence; SQL; Slack; Microsoft Teams; Zoom; Microsoft Office; Excel; PowerPoint; Word; Outlook; Google Workspace"
"JOIN OUR PRODUCT MANAGEMENT TEAM!","Product Manager","SanLucarian","Spain","Valencian Community","Puzol","Full-time","0-3","Unknown","Market Research; Competitive Analysis; Negotiation; Communication; Stakeholder Management","Engineering; Bachelor's Degree",""
"Product Manager - TOS UI","Product Manager","Navis","Spain","Valencian Community","Valencia","Full-time","5+","Manager","Stakeholder Management; Cross-functional Collaboration; Requirements Gathering; Product Development; Product Analytics; Product Roadmapping; User Stories; Feature Prioritization","","Jira; Confluence"
"New Product Introduction (NPI) Expert","Process Analyst","PowerCo Spain","Spain","Valencian Community","Valencia","Full-time","0-3","Unknown","Process Optimization; Regulatory Compliance; Quality Assurance; Quality Control; Data Analysis","Master's Degree; Engineering",""
"Operations Manager","Operations Manager","Inversiva","Spain","Valencian Community","Valencia","Unknown","5+","Manager","Process Optimization; Strategic Thinking; Communication; Problem Solving; Analytical Thinking; Stakeholder Management; Cross-functional Collaboration","",""
"Customer Support Analyst","Technical Support Engineer","Unknown","Spain","Valencian Community","Valencia","Unknown","0-3","Unknown","Communication; Problem Solving; Technical Writing","Bachelor's Degree; Engineering","Python"
"Branch Operations Supervisor - Valencia","Assistant","Indie Campers","Spain","Valencian Community","Valencia","Full-time","0-3","Junior","Communication; Problem Solving","",""
"IT Project Manager & Analyst","Project Manager","Lambda Executive","Spain","Valencian Community","Valencia","Full-time","3-5","Unknown","Project Management; Scrum; Stakeholder Management; Communication; Problem Solving; Software Development; Quality Assurance; Regulatory Compliance","Bachelor's Degree; Master's Degree","Python; Jira; Power BI; Grafana; PostgreSQL; Docker; Kubernetes; AWS; Azure"
"Strategy & Operations Manager (Design)","Operations Manager","Revolut","Spain","Unknown","Unknown","Unknown","0-3","Manager","Project Management; Stakeholder Management; Cross-functional Collaboration","Bachelor's Degree",""
"Operations Assistant (Freelance)","Assistant","Unknown","European Union","Unknown","Unknown","Unknown","0-3","Unknown","Communication; Problem Solving","",""
"Data/AI Analyst (prácticas)","Data Analyst","Improven","Spain","Valencian Community","Valencia","Full-time","0-3","Intern","Data Analysis; Data Visualization; Statistical Analysis; Predictive Analytics; Machine Learning; AI; Natural Language Processing; NLP; Data Pipeline; ETL","Bachelor's Degree","Python; R; SQL; Java; Power BI; Azure; Databricks; TensorFlow; PyTorch; Scikit-learn"
"VALENCIA OPERATIONS MANAGER","Operations Manager","GNV","Spain","Comunitat Valenciana","Valencia","Full-time","5+","Manager","Communication; Negotiation; Problem Solving; Process Optimization; Logistics","Bachelor's Degree; Master's Degree",""
"RETAIL BUSINESS ANALYST","Business Analyst","JYSK","Spain","Valencian Community","Cheste","Full-time","3-5","Unknown","Financial Analysis","Higher Education","Microsoft Office; Excel"
"Ventures Analyst","Research Analyst","Plug and Play Tech Center","Spain","Valencian Community","Valencia","Full-time","0-3","Unknown","Stakeholder Management; Communication; Analytical Thinking; Problem Solving; Strategic Thinking","Master's Degree; Engineering; Business; Economics",""
"ERP Business Analyst (Valencia or Amsterdam)","Business Analyst","Mileway","Spain","Valencian Community","Valencia","Full-time","3-5","Mid","Stakeholder Management; Scrum; Cross-functional Collaboration; Communication; Analytical Thinking; Problem Solving","Bachelor's Degree; Engineering","Jira; Excel; Microsoft Office"
"Junior Portfolio Analyst","Data Analyst","FundRock","Spain","Valencian Community","Valencia","Unknown","0-3","Unknown","Data Analysis; Business Intelligence; Data Visualization; Financial Analysis; Problem Solving; Communication; Stakeholder Management; Regulatory Compliance","Bachelor's Degree","Excel; Microsoft Office"
"Strategy & Operations Analyst - Becario/a (Valencia)","Operations Manager","Hello Watt","Spain","Valencian Community","Valencia","Full-time","0-3","Unknown","Analytical Thinking; Problem Solving; Business Acumen; Communication; Stakeholder Management","","Excel"
"System Analyst","Business Analyst","BrainRocket","Spain","Valencian Community","Valencia","Full-time","5+","Mid","Requirement Gathering (detailed); System Design awareness; Analytical Thinking; Communication; Problem Solving; Agile; Scrum","Bachelor's Degree","SQL; Jira; Confluence"
"LLP - Operations Excellence Manager","Operations Manager","DHL Supply Chain","Spain","Valencian Community","Valencia","Unknown","5+","Manager","Project Management; Change Management; Stakeholder Management; Communication; Problem Solving; Team Management; Leadership; Risk Management; Process Optimization; Analytical Thinking","Bachelor's Degree","Excel; PowerPoint; Word; Outlook"
"Business Analyst (with German)","Business Analyst","One.O","Spain","Valencian Community","Valencia","Full-time","3-5","Mid","Data Analysis; Agile; Stakeholder Management; Requirements Gathering; Data Modeling; Communication; Training","Other","SQL"
"Netowrk Security Analyst","Security Engineer","Mercadona IT","Spain","Valencian Community","Albalat dels Sorells","Unknown","3-5","Unknown","Security; Cybersecurity; Information Security; Risk Management","Higher Education",""
"Talent Pool | Real Estate Analyst","Data Analyst","Inversiva","Spain","Valencian Community","Valencia","Unknown","0-3","Unknown","Financial Analysis","Engineering; Bachelor's Degree","Excel"
"Event & Operations Coordinator","Operations Manager","Unknown","Spain","Valencian Community","Valencia","Unknown","0-3","Unknown","Organization; Time Management","",""
"Junior Analyst – Project Finance and M&A","Research Analyst","Prosolia Energy","Spain","Valencian Community","Valencia","Unknown","3-5","Junior","Financial Analysis; Risk Management","Bachelor's Degree; Master's Degree; Engineering","Excel"
"Valuations & Portfolio Reporting Analyst","Business Analyst","Unknown","Spain","Valencian Community","Valencia","Unknown","0-3","Unknown","Financial Analysis; Auditing","Master's Degree; Bachelor's Degree","Excel"
"Senior Credit Risk Analyst","Risk Analyst","Octopus Energy Spain","Spain","Valencian Community","Valencia","Full-time","5+","Lead","Data Analysis; Stakeholder Management; Negotiation; Communication; Problem Solving; Critical Thinking; Analytical Thinking","","SQL; Python; Excel"
"Operations Manager, West Europe","Operations Manager","Intrepid","Spain","Valencian Community","Valencia","Full-time","5+","Manager","Cross-functional Collaboration; Process Optimization; Stakeholder Management","","Microsoft Office"
"Portfolio Analyst","Research Analyst","FundRock","Luxembourg","Valencian Community","Luxembourg","Unknown","3-5","Unknown","Financial Analysis; Risk Management; Communication; Problem Solving","Bachelor's Degree","Excel; Microsoft Office"
"Investment and Operations Intern (6-12 months)","Unknown","NatureRe Capital","Spain","Valencian Community","Valencia","Full-time","0-3","Intern","Project Management; Market Research; Financial Analysis; Sales enablement understanding","Other","Python; R; VBA; Microsoft Office; Excel; PowerPoint; Word"
"Senior Analyst (Growth)","Product Analyst","Simple Life","European Economic Area","Unknown","Unknown","Unknown","5+","Senior","Data Analysis; Data Visualization; Statistical Analysis; Predictive Analytics; Machine Learning; A/B Testing; Hypothesis Testing; Funnel Analysis; Cohort Analysis; Experiment Design; Experiment Analysis; Stakeholder Management; Communication; Business Intelligence; Data Warehousing; Experimentation","","Python; Looker; Tableau; Power BI; Airflow; dbt; XGBoost; LightGBM; Slack; Microsoft Teams; Zoom; Google Meet; SQL"
"Snr Operations Manager","Operations Manager","IC Resources","Spain","Valencian Community","Valencia","Full-time","5+","Manager","Process Optimization; Supply Chain Management; Quality Assurance; Quality Control; Stakeholder Management; Cross-functional Collaboration; Supplier / Vendor Management","",""
"Operations Planner & Business Support","Operations Manager","Yusen Logistics","Spain","Valencian Community","Valencia","Full-time","0-3","Unknown","Customer Success alignment; Account Management basics","Other","Microsoft Office; Excel; PowerPoint; Word; Outlook; Google Workspace"
"Ndt Manager","Operations Manager","Unknown","Spain","Valencian Community","Valencia","Unknown","5+","Manager","Team Management; Stakeholder Management","",""
"IAM Security Analyst","Security Engineer","Mercadona IT","Spain","Valencian Community","Albalat dels Sorells","Full-time","3-5","Unknown","Security; API; REST APIs; Cybersecurity; Information Security","Higher Education","PowerShell; Python; Docker; Kubernetes"
"Security Operations Automation Engineer","DevOps / SRE","RingCentral","Spain","Valencian Community","Valencia","Full-time","3-5","Unknown","Security; Project Management; Time Management; Communication; DevOps","","Python; Kubernetes; Jenkins; AWS; GCP"
"Operations Seafreight Export","Operations Manager","TIBA","Spain","Valencian Community","Valencia","Full-time","3-5","Unknown","Stakeholder Management; Cross-functional Collaboration; Communication; Problem Solving","Higher Education",""
"Salesforce Business Analyst","Business Analyst","Omega CRM","Spain","Valencian Community","Valencia","Full-time","3-5","Unknown","Agile; Stakeholder Management; Cross-functional Collaboration; Functional Programming","","Salesforce"
"Finance Operations Intern","Unknown","Flywire","Spain","Valencian Community","Valencia","Internship","0-3","Intern","Communication","Bachelor's Degree","Excel"
"Group Financial Reporting Analyst","Unknown","Mileway","Spain","Valencian Community","Valencia","Full-time","3-5","Mid","Financial Analysis; Auditing","Bachelor's Degree; Master's Degree","Microsoft Office; Excel; PowerPoint; Word; Outlook"
"HR Specialist & Operations (Temporary)","Consultant","Vantive","Spain","Valencian Community","Valencia","Full-time","3-5","Unknown","Analytical Thinking; Communication; Time Management; Organization; Financial Analysis; Auditing","Bachelor's Degree; Law/Labor Relations","Microsoft Office; Excel; Word; Outlook"
"Cybersecurity Operations Consultant","Consultant","UNICC","Spain","Valencian Community","Geneva","Unknown","0-3","Unknown","Security; Cybersecurity; Information Security; Risk Management; Communication","Bachelor's Degree","Qualys; CrowdStrike; Splunk; Google Workspace"
"Campaign Operations Intern - German speaker","Unknown","Groupon","Spain","Valencian Community","Valencia","Internship","0-3","Intern","Communication; Content Marketing; Digital Design; E-commerce product considerations (checkout optimization)","Bachelor's Degree","HTML; Salesforce"
"Business Analyst","Business Analyst","Apex Group","Spain","Valencian Community","Valencia","Unknown","5+","Unknown","Stakeholder Management; Agile; Scrum; SAFe; Technical Writing; Communication; Problem Solving","Higher Education; Engineering; Other","SQL"
"AIFM Risk & Valuation Analyst","Risk Analyst","FundRock","Spain","Valencian Community","Valencia","Unknown","Unknown","Unknown","Risk Management; Financial Analysis","",""
"Senior HR Operations Specialist","Consultant","Unknown","Spain","Valencian Community","Valencia","Full-time","5+","Senior","Regulatory Compliance; Process Optimization; Problem Solving; Communication; Analytical Thinking; Cross-functional Collaboration; Stakeholder Management; Mentoring; Training","Bachelor's Degree; Master's Degree",""
"Portfolio Analyst - AIFM","Data Analyst","FundRock","Spain","Valencian Community","Valencia","Unknown","3-5","Manager","Financial Analysis; Problem Solving; Communication","Bachelor's Degree","Excel; Microsoft Office"
"SOC Analyst","Security Engineer","BrainRocket","Spain","Valencian Community","Valencia","Full-time","0-3","Unknown","Security; Cybersecurity; Information Security","Bachelor's Degree","AWS; Azure; ELK Stack; Splunk; Jira; Microsoft Teams; Slack"
"Senior Analyst - Risk and Compliance","Risk Analyst","FundRock","Spain","Valencian Community","Valencia","Full-time","3-5","Senior","Regulatory Compliance; Risk Management; Financial Analysis; Auditing","Other","Microsoft Office"
"Senior Depositary Analyst","Compliance / Regulatory Specialist","Apex Group","Spain","Valencian Community","Valencia","Full-time","3-5","Senior","Communication; Problem Solving; Analytical Thinking; Organization; Regulatory Compliance; Financial Analysis; Risk Management","Bachelor's Degree","Microsoft Office; Excel; PowerPoint; Word; Outlook; Google Workspace"
"Senior Analyst (Supply Analytics, Bangkok-based, Relocation provided)","Data Analyst","Agoda","Thailand","Valencian Community","Bangkok","Full-time","3-5","Senior","Data Analysis; Data Visualization; Stakeholder Management; A/B Testing; Experimentation; Problem Solving; Communication","Bachelor's Degree; Master's Degree","SQL; Tableau; Excel; Python; R; Google Analytics"
"Senior People Operations Partner (m/w/d)","Operations Manager","commercetools","Spain","Valencian Community","Valencia","Contract","5+","Senior","Process Optimization; Stakeholder Management; Regulatory Compliance","",""
"Operations Specialist (UAV Flight Operations)","Consultant","ICEYE","Spain","Valencian Community","Valencia","Full-time","3-5","Unknown","Process Optimization","Engineering; Other","Python"
"Field Technician (UAV Flight Operations)","Technical Support Engineer","ICEYE","Spain","Valencian Community","Valencia","Full-time","3-5","Unknown","Technical Writing; Process Optimization","",""
"Operations Strategy Lead - Respiratory (IRCCD) team","Operations Manager","Thermo Fisher Scientific","Spain","Unknown","Unknown","Unknown","5+","Lead","Project Management; Stakeholder Management; Cross-functional Collaboration; Communication; Strategic Thinking","Bachelor's Degree","Microsoft Office"
"Global Product Manager Ruminants","Product Manager","Unknown","European Union","Unknown","Unknown","Unknown","5+","Manager","Project Management; Product Lifecycle Management; Market Research; Competitive Analysis; Stakeholder Management; Cross-functional Collaboration; Communication; Analytical Thinking; Strategic Thinking; Sales enablement understanding","Bachelor's Degree; Master's Degree","Microsoft Office; Excel; PowerPoint; Word; Outlook; Google Workspace"
"Product Manager - Specialty tyres","Product Manager","Sailun Group","European Economic Area","Unknown","Unknown","Full-time","5+","Manager","Market Research; Competitive Analysis; Project Management; Stakeholder Management; Cross-functional Collaboration; Communication; Financial Analysis; Analytical Thinking","Bachelor's Degree; Master's Degree; Engineering",""
"Product Manager","Product Manager","MEDDICC","Spain","Catalonia","Barcelona","Full-time","3-5","Manager","Product Strategy; Product Development; Product Roadmapping; Feature Prioritization; Market Research; Competitive Analysis; Product Analytics; Stakeholder Management; Cross-functional Collaboration; Executive Communication; OKRs; KPI Definition; Metrics Design; Performance Measurement; Roadmap Communication; Agile; Scrum; User Research; Data Analysis; Communication; Problem Solving; Critical Thinking; Analytical Thinking; Business Acumen; Strategic Thinking","","Jira; Confluence"
"Junior Product Manager","Product Manager","Canonical","EMEA","Unknown","Unknown","Full-time","5+","Manager","Product Strategy; Product Development; Product Lifecycle Management; Market Research; Competitive Analysis; Stakeholder Management; Cross-functional Collaboration; Product Analytics; Product Roadmapping; Feature Prioritization; User Stories; Requirements Gathering; Communication; Problem Solving; Technical Writing; Business Acumen; Strategic Thinking; Product-led Growth (PLG); Product Ops support tasks; Go-to-Market (GTM); Growth Strategy; Analytical Thinking; Leadership","Higher Education","Kubernetes; Docker; Git; Grafana; MLflow; GitHub; Tableau; Power BI; Looker; Microsoft Office; Confluence; Jira"
"Product Manager especializado/a en producto API - Remoto","Product Manager","Between Technology","Spain","Community of Madrid","Madrid","Full-time","5+","Manager","Product Roadmapping; Stakeholder Management; Cross-functional Collaboration; OKRs; Data Analysis; Agile; Scrum; User Stories; Product Development; Communication; Negotiation","Other","Jira; Confluence; Tableau; Power BI"
"Product Manager, Auth0","Product Manager","Okta","Spain","Unknown","Unknown","Full-time","3-5","Manager","Product Strategy; Product Development; Product Roadmapping; Feature Prioritization; User Stories; Requirements Gathering; Market Research; Competitive Analysis; Product Analytics; Stakeholder Management; Cross-functional Collaboration; Product Lifecycle Management; Technical Specification; Communication; Problem Solving; Analytical Thinking; Security; Software Development; Project Management","Bachelor's Degree; Engineering","AWS; Azure; GCP; Jira; Confluence"
"Product Manager (Production Software) (f/m/d)","Product Manager","Hexagon","EMEA","Unknown","Unknown","Unknown","3-5","Manager","Product Strategy; Product Development; Product Roadmapping; Market Research; Competitive Analysis; Stakeholder Management; Cross-functional Collaboration; Communication; Analytical Thinking; Strategic Thinking; Agile; Requirements Gathering; Technical Writing; Executive Communication","Engineering","Jira"
"Product Manager - Fusion Model-Based Manufacturing","Product Manager","Autodesk","Germany","Unknown","Unknown","Full-time","5+","Manager","Product Strategy; Product Development; Product Roadmapping; Market Research; Competitive Analysis; Stakeholder Management; Cross-functional Collaboration; Executive Communication; Agile; Scrum; Requirements Gathering","","Confluence; Jira"
"Product Manager - SaaS","Product Manager","Santander Auto Software","Spain","Unknown","Unknown","Full-time","5+","Manager","Product Development; Product Roadmapping; Feature Prioritization; User Stories; Market Research; Stakeholder Management; Executive Communication; Communication; Problem Solving; Analytical Thinking; Agile; Product Analytics; User Research; Product Strategy; User-Centered Design; Data Analysis; Cross-functional Collaboration; Project Management; Presentation Skills; Data-driven decision making","Bachelor's Degree","Jira; Figma; GitLab; Slack; Trello; SQL; Google Analytics; Amplitude; Tableau; Excel; PowerPoint; Word; Google Workspace"
"Digital Product Manager","Project Manager","Darkroom","Spain","Community of Madrid","Madrid","Full-time","0-3","Unknown","Project Management; Stakeholder Management; Cross-functional Collaboration; Communication; Problem Solving; SEO; A/B Testing; Funnel Optimization; Conversion Rate Optimization (CRO); Business Acumen","","Shopify; Notion; HTML; CSS; Google Analytics"
"Product Analyst - Integrations Team","Product Analyst","Yuno","Spain","Unknown","Unknown","Full-time","0-3","Unknown","Data Analysis; Product Strategy; Product Development; Market Research; Competitive Analysis; Product Analytics; KPI Definition; Metrics Design; Performance Measurement; Communication; Problem Solving; Critical Thinking; Analytical Thinking; Agile; Stakeholder Management; Cross-functional Collaboration","Bachelor's Degree","Tableau; Power BI; Excel; Google Analytics; Productboard; Jira; Confluence; SQL"
"Technical Account Manager","Account Manager","Yuno","European Union","Unknown","Unknown","Full-time","0-3","Unknown","Stakeholder Management; Product Strategy; API; REST APIs; Technical Writing; Problem Solving; Project Management","","HTML; CSS; JavaScript; MySQL; Oracle; PostgreSQL; MongoDB; Postman; Swagger"
"Strategic Partnership Manager, Europe","Account Manager","Yuno","European Union","Unknown","Unknown","Full-time","3-5","Senior","Stakeholder Management; Cross-functional Collaboration; Presentation Skills; Negotiation","","Slack; Microsoft Teams; Zoom; Google Meet; Miro; Mural; Whimsical; Lucidchart; Jamboard; FigJam; MS Whiteboard; Dropbox; Google Drive; OneDrive; Box; Microsoft Office; Excel; PowerPoint; Word; Outlook; Google Workspace"
"Senior Product Manager - Core Team","Product Manager","Yuno","Spain","Madrid","Greater Madrid Metropolitan Area","Full-time","5+","Senior","Product Strategy; Product Development; Product Roadmapping; Feature Prioritization; Stakeholder Management; Cross-functional Collaboration; Executive Communication; Communication; Problem Solving; Product Analytics; KPI Definition; Experimentation; Market Research","",""
"Implementation Manager Europe","Implementation / Onboarding Manager","Yuno","Spain","Unknown","Unknown","Full-time","5+","Unknown","Project Management; Stakeholder Management; Cross-functional Collaboration; REST APIs; Technical Writing; Problem Solving; Analytical Thinking; Risk Management; API","","Python; JavaScript; Node.js; MySQL; Oracle; PostgreSQL; MongoDB; Postman; Swagger; HTML; CSS"
"Forma parte de nuestro talento","Unknown","Unknown","Spain","Valencian Community","Alcàsser","Unknown","Unknown","Unknown","","",""
"CV For Future Opportunities","Unknown","Sales Layer","Spain","Valencian Community","Valencia","Unknown","0-3","Unknown","Communication; Problem Solving","",""
"Operations Specialist","Consultant","NeuronUP","Spain","Valencian Community","Valencia","Unknown","0-3","Unknown","Process Optimization; Stakeholder Management; Data Analysis; Technical Writing","Higher Education; Engineering","SQL"
"Bolsa de talento Ford España","Unknown","Unknown","Spain","Valencian Community","Valencia","Unknown","0-3","Unknown","AI; Data Analysis; Data Mining","Engineering",""
"Junior-Mid Project Manager","Project Manager","Gusta","Spain","Valencian Community","Valencia","Unknown","0-3","Junior","Project Management; Agile; Scrum; Kanban; Stakeholder Management; Presentation Skills; Communication; Problem Solving; Time Management; Organization","","Notion; Jira; Trello"
"Técnico/a de Selección","Assistant","Singularu","Spain","Valencian Community","Valencia","Unknown","3-5","Unknown","Communication","Bachelor's Degree; Master's Degree",""
"Programa GrefuTalento: Mejora de Procesos y Formación","Process Analyst","GREFUSA","Spain","Valencia","Alzira","Full-time","0-3","Unknown","Process Optimization; Communication; Negotiation; Team Management","Engineering; Master's Degree","Microsoft Office; Excel; PowerPoint; Word; Google Workspace"
"Ingeniero Industrial","Process Analyst","Hosper Profesional","Spain","Valencian Community","Valencia","Full-time","0-3","Junior","Process Optimization","Engineering",""
"Talent Pool","Unknown","PowerCo","Spain","Valencian Community","Valencia","Unknown","Unknown","Unknown","","",""
"Junior Consultant (Ayudas a la financiación I+D+i)","Consultant","FI Group","Spain","Valencian Community","Valencia","Unknown","Unknown","Unknown","Stakeholder Management; Cross-functional Collaboration","Engineering",""
"INGENIERO DE PROCESOS","Process Analyst","Unknown","Spain","Valencia","Riba-Roja Del Túria","Full-time","3-5","Unknown","Process Optimization; Logistics","Engineering",""
"Gestor/a de catálogos AMAZON","Digital Marketing Specialist","Cecotec","Spain","Valencian Community","Valencia","Unknown","0-3","Unknown","Marketing Analytics","Bachelor's Degree","Excel"
"Project Manager | Part-time","Project Manager","SalesDose.io","Venezuela","Valencia","Greater Valencia Metropolitan Area","Part-time","3-5","Unknown","Project Management; Stakeholder Management; Cross-functional Collaboration; Communication; Problem Solving; Process Optimization","","Notion; ClickUp; HubSpot"
"Ingeniero/a de Procesos","Process Analyst","Hays","Spain","Valencian Community","Valencia","Unknown","5+","Unknown","Process Optimization","Engineering","Microsoft Office"
"PROJECT MANAGER","Project Manager","Bellver Blue Tech Zone","Spain","Valencian Community","Valencia","Unknown","0-3","Unknown","Project Management; Agile; Scrum; Product Development; Requirements Gathering; Stakeholder Management; Cross-functional Collaboration; Technical Writing; Quality Assurance; Quality Control","","Figma; Sketch; Adobe XD; SQL; AWS; Azure; GCP"
"Project Manager IT Junior (sector logística)","Project Manager","Randstad Digital","Spain","Valencian Community","Valencia","Unknown","0-3","Junior","Project Management; Stakeholder Management; Communication","Other","Microsoft Office; Excel; PowerPoint; Word"
"Customer Operations Coordinator","Operations Manager","International Water & Wellness (IW)","Spain","Valencian Community","Valencia","Full-time","0-3","Unknown","Process Optimization; Logistics; Communication; Problem Solving; Time Management; Organization","","Microsoft Office"
"Ingeniero De Soporte De Producción","Operations Manager","KEU","Spain","Valencian Community","Alicante","Full-time","3-5","Unknown","Lean; Process Optimization; Quality Assurance; Quality Control; Problem Solving","Engineering",""
"Product Experience","Product Designer","DOTS","Spain","Valencian Community","Valencia","Full-time","3-5","Lead","UI/UX Design; User Research; User-Centered Design; Design Thinking; Wireframing; Prototyping; Visual Design; Interaction Design; Product Strategy; A/B Testing; Experimentation; Stakeholder Management; Cross-functional Collaboration","","Figma; Notion"
"Manager Massimo Dutti Comunidad Valenciana","Operations Manager","Inditex","Spain","Valencian Community","Unknown","Full-time","0-3","Manager","Communication; Stakeholder Management; Cross-functional Collaboration","",""
"Ingeniero/a jr de Procesos (Estimaciones)","Process Analyst","Sothis by Nunsys Group","Spain","Valencia","Paterna","Full-time","0-3","Junior","Process Optimization; Stakeholder Management","Engineering; Bachelor's Degree",""
"Administrativo logística","Assistant","Unknown","Spain","Valencian Community","Valencia","Part-time","0-3","Unknown","Process Optimization; Communication; Time Management","Higher Education","Microsoft Office; Excel; Word; Outlook"
"Business Analyst","Business Analyst","Odoo","Spain","Valencian Community","Valencia","Full-time","0-3","Unknown","Communication; Problem Solving; Stakeholder Management; Training; Coaching","","Python; HTML"
"Data Analyst & Business Partner","Data Analyst","Holafly","Spain","Unknown","Unknown","Full-time","3-5","Unknown","Data Analysis; Business Intelligence; Stakeholder Management; Cross-functional Collaboration; Communication; Problem Solving; Business Acumen; Reporting & Dashboards; KPI Dashboards; Data-driven decision making","Bachelor's Degree","SQL; Power BI; Tableau; Excel"
"Business Analyst","Business Analyst","Capitole Consulting","Spain","Unknown","Unknown","Unknown","3-5","Unknown","Requirement Gathering (detailed); Cross-functional Collaboration; Stakeholder Management; Agile; Scrum; Kanban; Waterfall; Communication; Process Optimization","","Excel"
"Business Analyst (productos/procesos bancarios) (100% remoto, solo España)","Business Analyst","UST","Spain","Unknown","Unknown","Full-time","3-5","Unknown","Stakeholder Management; Agile; Scrum; Kanban; Communication; Presentation Skills; KPI Definition; Regulatory Compliance; Cross-functional Collaboration","","Jira; Confluence; Power BI; Microsoft Office; PowerPoint"
"Business Analyst","Business Analyst","Unknown","European Union","Unknown","Unknown","Contract","5+","Mid","Stakeholder Management; Cross-functional Collaboration; Business Intelligence; Reporting & Dashboards; Data Analysis; Requirements Gathering; Process Optimization; Communication; Analytical Thinking; Quality Control; Regulatory Compliance","","Power BI; Qlik Sense; Microsoft Office"
"Freelance Business Analyst - AI Trainer","Business Analyst","Mindrift","Spain","Unknown","Unknown","Part-time","3-5","Unknown","Analytical Thinking; Problem Solving","Bachelor's Degree; Master's Degree; PhD",""
"Business Analyst","Business Analyst","Scalian Spain","Spain","Unknown","Unknown","Full-time","3-5","Unknown","Agile; Stakeholder Management; Communication; Problem Solving; Organization","","SQL; Excel; Airflow; Spark; Scala; Qlik Sense; Databricks"
"Business Analyst (Technical)","Business Analyst","CORUS","Spain","Unknown","Unknown","Full-time","5+","Mid","Requirements Gathering; User Stories; Stakeholder Management; Quality Assurance; Training; Analytical Thinking","Higher Education","Azure"
"Business Analyst - (Remote Europe and Nigeria)","Business Analyst","Jobgether","Spain","Unknown","Unknown","Full-time","3-5","Unknown","Data Analysis; Stakeholder Management; Cross-functional Collaboration; Communication; Market Research; Financial Analysis; Wireframing; Prototyping","","SQL; Microsoft Office; Excel"
"Business Analyst (Finance)","Business Analyst","Revolut","Spain","Unknown","Unknown","Full-time","5+","Unknown","Requirement Gathering (detailed); Data Analysis; Stakeholder Management","","SQL; Excel"
"Functional Business Analyst | Teletrabajo","Business Analyst","OPTIMISSA","Spain","Unknown","Unknown","Unknown","0-3","Unknown","Agile; Requirements Gathering; Stakeholder Management; Cross-functional Collaboration; Business Acumen; Problem Solving; Analytical Thinking; NoSQL; API","","Python; SQL; MongoDB; AWS"
"Banking Functional Business Analyst","Business Analyst","Unknown","Spain","Comunidad de Madrid","Madrid","Unknown","5+","Lead","Agile; Scrum; Kanban; Business Acumen; Analytical Thinking; Communication","","Jira"
"Product Owner / Business Analyst – POS Inventory Operations","Product Owner","Unknown","European Union","Unknown","Unknown","Contract","5+","Mid","Agile; Scrum; Product Development; User Stories; Stakeholder Management; Cross-functional Collaboration; Requirements Gathering; KPI Definition; Reporting & Dashboards; Communication; Analytical Thinking","","Jira; Confluence; Oracle"
"Business Analyst","Business Analyst","Rabobank","European Union","Unknown","Unknown","Unknown","5+","Lead","Stakeholder Management; Cross-functional Collaboration; Agile","","Jira"
"Business Process Architect, SAP S/4HANA Manufacturing","Process Analyst","MGT Consulting","Spain","Unknown","Unknown","Full-time","5+","Unknown","Stakeholder Management; Cross-functional Collaboration; Process Optimization","",""
"Revenue Business Analyst (Remote)","Business Analyst","iubenda","Spain","Valencian Community","Valencia","Full-time","5+","Mid","Data Analysis; Business Intelligence; KPI Definition; Metrics Design; Performance Measurement; Stakeholder Management; Cross-functional Collaboration; Analytical Thinking; Funnel Analysis; Retention Analysis; Customer Segmentation; Business Acumen; Customer Success alignment; Reporting & Dashboards; KPI Dashboards; Data-driven decision making","","Google Analytics; Amplitude; Braintree; Chargebee; Excel"
"Business Analyst for Sailpoint rollout","Business Analyst","Unknown","Spain","Unknown","Unknown","Unknown","5+","Unknown","Stakeholder Management; Requirements Gathering; Data Analysis; Cross-functional Collaboration; Process Optimization; Regulatory Compliance","","Python; R; SQL"
"AWS Business Analyst","Business Analyst","Unknown","European Union","Unknown","Unknown","Full-time","5+","Senior","Data Analysis; Stakeholder Management; Business Intelligence; Data Governance","","AWS; Snowflake; Power BI; SQL"
"Business Analyst CDP - 100% Remoto (Imprescindible residir en España)","Business Analyst","Capitole Consulting","Spain","Unknown","Unknown","Full-time","3-5","Mid","Stakeholder Management; Cross-functional Collaboration; Process Optimization","",""
"Business Analyst - Accounting & Tax Expert","Business Analyst","Odoo","Spain","Valencian Community","Valencia","Unknown","0-3","Unknown","Communication; Stakeholder Management; Project Management; Cross-functional Collaboration","Master's Degree","Google Analytics; Microsoft Office; Excel"
"Business Analyst / Product Owner procesos bancarios (Wealth) (100% remoto desde España)","Business Analyst","UST","Spain","Unknown","Unknown","Full-time","5+","Unknown","Agile; Scrum; Kanban; Stakeholder Management; Cross-functional Collaboration","","Jira; Confluence"
"Carriers Senior Business Analyst","Business Analyst","Holafly","EMEA","Unknown","Unknown","Unknown","5+","Senior","Data Analysis; Business Intelligence; Statistical Analysis; Stakeholder Management; Communication; Presentation Skills; Analytical Thinking; Business Acumen; Strategic Thinking","","SQL; Python; R; Excel; Tableau; Power BI"
"Functional Business Analyst – Murex","Business Analyst","Unknown","Spain","Unknown","Unknown","Unknown","3-5","Mid","Agile; Software Development; Product Development; API; Stakeholder Management","","Python; SQL; MongoDB; AWS"
"Senior Business Analyst","Business Analyst","Unknown","European Union","Unknown","Unknown","Contract","5+","Senior","Agile; SAFe; Business Intelligence; Stakeholder Management; Cross-functional Collaboration; Communication; Problem Solving; Analytical Thinking; Process Optimization","","SQL"
"Business Analyst Enterprise Architecture","Business Analyst","RED Global","European Union","Unknown","Unknown","Contract","5+","Unknown","Business Intelligence; SDLC; Stakeholder Management","",""
"Murex Business Analyst","Business Analyst","Unknown","Spain","Unknown","Unknown","Unknown","5+","Mid","Agile; Product Lifecycle Management; Requirement Gathering (detailed)","","Python; SQL; MongoDB; AWS"
"Lead Business Analyst","Business Analyst","Rabobank","European Union","Unknown","Unknown","Contract","5+","Lead","Stakeholder Management; Agile; Communication; Presentation Skills","","Jira; Confluence"
"ServiceNow Business Analyst - SPM","Business Analyst","Decskill","EMEA","Unknown","Unknown","Unknown","5+","Unknown","Agile; Scrum; Stakeholder Management; Communication; Problem Solving; Analytical Thinking","","Jira; Confluence"
"Business Analyst Core Banking, implantaciones (Tarjetas) 100% remoto desde España","Business Analyst","UST","Spain","Unknown","Unknown","Unknown","3-5","Unknown","Stakeholder Management; Cross-functional Collaboration; KPI Definition; Reporting & Dashboards; Data-driven decision making","",""
"Senior Business Analyst - OpenData Clinical","Business Analyst","Veeva Systems","Spain","Unknown","Unknown","Unknown","5+","Senior","Data Analysis; Data Visualization; Business Intelligence; Data Governance; Cross-functional Collaboration; Stakeholder Management; Communication; Problem Solving","Higher Education","Python; R; SQL; Tableau; Power BI; Jira; Superset"
"Senior Business Analyst (FinTech / Crypto)","Business Analyst","Unknown","Spain","Unknown","Dubai","Unknown","5+","Senior","Process Optimization; Stakeholder Management; Cross-functional Collaboration; Requirements Gathering; User Stories; Agile; Scrum; Kanban; Data Visualization; KPI Definition; Business Acumen; Jobs To Be Done (JTBD)","","Jira; Confluence; Figma; Lucidchart; Miro; Tableau; Power BI; SQL"
