Job title (original),Job title (short),Company,Country,State,City,Schedule type,Experience years,Seniority,Skills,Degrees,Software,_source_file,_source_index
Junior Product Manager,Product Manager,Tuotempo,Spain,Catalonia,Barcelona,Full-time,0-3,Junior,Product Development; Product Lifecycle Management; Requirements Gathering; Stakeholder Management,Bachelor's Degree,,20250820_162157_DataPM_result_batch_1.csv,0
Product Associate,Product Manager,Zenown,Spain,Unknown,Unknown,Unknown,0-3,Unknown,Product Development; Requirements Gathering; Market Research; Product Analytics; Product Ops support tasks; Stakeholder Management; Cross-functional Collaboration; Communication; Problem Solving; Analytical Thinking,,,20250820_162157_DataPM_result_batch_1.csv,1
Product Manager,Product Manager,Wikifarmer,Spain,Unknown,Unknown,Full-time,3-5,Mid,Product Development; Product Roadmapping; Feature Prioritization; Market Research; Competitive Analysis; Product Analytics; A/B Testing; Experiment Design; Experiment Analysis; Stakeholder Management; Cross-functional Collaboration; KPI Definition; Product-led Growth (PLG); Product Strategy; Communication; Analytical Thinking; Experimentation,,Google Analytics; GA4; Tableau; Power BI,20250820_162157_DataPM_result_batch_1.csv,2
"Manager, Product Manager",Product Manager,Canonical,EMEA,Unknown,Unknown,Full-time,5+,Manager,Product Development; Product Lifecycle Management; Market Research; Stakeholder Management; Cross-functional Collaboration; Executive Communication; Agile; Product Strategy; Roadmap Prioritization; Communication; Problem Solving; Leadership; Mentoring; Analytical Thinking; Business Acumen; Technical Writing; Project Management; Presentation Skills; Data Analysis; Regulatory Compliance; Customer Segmentation; Experiment Analysis; Hypothesis Testing,Higher Education,Docker; Kubernetes; Git; GitHub; GitLab; Azure; AWS; GCP; Slack; Microsoft Teams; Zoom; Google Meet; Microsoft Office; Excel; PowerPoint; Word; Outlook; Google Workspace; Confluence; Jira; Notion; Trello; Asana; ClickUp; Monday.com; Wrike,20250820_162157_DataPM_result_batch_1.csv,3
Product Manager - OpenData,Product Manager,Veeva Systems,Spain,Unknown,Unknown,Full-time,5+,Manager,Stakeholder Management; Cross-functional Collaboration; Data Modeling; Data Analysis; Requirements Gathering; Product Development; Healthcare Knowledge,Bachelor's Degree,SQL; Tableau; Power BI; Looker; Mode; Metabase; Redash; Apache Superset; Excel,20250820_162157_DataPM_result_batch_1.csv,4
Product Manager (100% Remote),Product Manager,Robert Walters,Spain,Comunitat Valenciana,Valencia,Unknown,5+,Manager,Product Development; Product Roadmapping; Feature Prioritization; User Stories; Requirements Gathering; Market Research; Competitive Analysis; Product Analytics; Stakeholder Management; Cross-functional Collaboration; Executive Communication; OKRs; KPI Definition; Metrics Design; Performance Measurement; Roadmap Communication; Agile; Communication; Analytical Thinking; Business Acumen; Strategic Thinking; Problem Solving,,Google Analytics; Looker; Mixpanel; Figma,20250820_162157_DataPM_result_batch_1.csv,5
Product Manager,Product Manager,Triple,Spain,Unknown,Unknown,Unknown,3-5,Unknown,Product Strategy; Product Development; Product Roadmapping; Feature Prioritization; Requirements Gathering; Stakeholder Management; Cross-functional Collaboration; Communication; Problem Solving; API,,,20250820_162157_DataPM_result_batch_1.csv,6
Global Product Manager - Crop Protection / Insecticides,Product Manager,ADAMA,European Union,Unknown,Unknown,Full-time,5+,Manager,Product Strategy; Product Development; Product Roadmapping; Stakeholder Management; Market Research; Competitive Analysis; Product Lifecycle Management; Strategic Thinking,Bachelor's Degree; Master's Degree,,20250820_162157_DataPM_result_batch_1.csv,7
Product Manager,Product Manager,Incode,Spain,Unknown,Unknown,Full-time,5+,Manager,Product Strategy; Product Development; Product Roadmapping; Feature Prioritization; Market Research; Competitive Analysis; Stakeholder Management; Cross-functional Collaboration; Product-led Growth (PLG); Experimentation; Analytical Thinking; Business Acumen; Strategic Thinking; Executive Communication,,,20250820_162157_DataPM_result_batch_1.csv,8
Growth Product Manager (Web),Product Manager,Reverse Tech,Spain,Catalonia,Barcelona,Full-time,5+,Mid,Product Strategy; Product Development; Product Launch; Product Roadmapping; Feature Prioritization; User Stories; Requirements Gathering; Market Research; Competitive Analysis; Product Analytics; Growth Hacking; Product-led Growth (PLG); A/B Testing; Experiment Design; Experiment Analysis; Conversion Rate Optimization (CRO); Funnel Analysis; Stakeholder Management; Cross-functional Collaboration; Communication; Problem Solving; Analytical Thinking,,Google Analytics; Amplitude; Hotjar; Tableau; Power BI; Looker; Google Optimize; Optimizely; VWO,20250820_162157_DataPM_result_batch_1.csv,9
Product Manager,Product Manager,Seedtag,Spain,Comunidad de Madrid,Madrid,Full-time,5+,Manager,Product Strategy; Product Development; Product Roadmapping; Feature Prioritization; Stakeholder Management; Cross-functional Collaboration; Communication; Problem Solving; Analytical Thinking; Business Acumen; Strategic Thinking,Engineering; Other,,20250820_162157_DataPM_result_batch_2.csv,0
"Product Manager, Consumer Trading",Product Manager,Kraken,European Economic Area,Unknown,Unknown,Full-time,3-5,Mid,Product Strategy; Product Development; Product Roadmapping; Feature Prioritization; User Stories; Requirements Gathering; Market Research; Competitive Analysis; Product Analytics; Data Analysis; Data Visualization; Product-led Growth (PLG); Growth Hacking; Pricing Strategy; Churn Reduction; Communication; Stakeholder Management; Experimentation; Funnel Analysis,,SQL,20250820_162157_DataPM_result_batch_2.csv,1
Credit Product Manager (SME Business Lending),Product Manager,Revolut,Spain,Unknown,Unknown,Full-time,5+,Lead,Product Development; Product Launch; Product Strategy; Market Research; Competitive Analysis; User Research; UI/UX Design; Product Analytics; Stakeholder Management; Cross-functional Collaboration; Requirements Gathering; Data-driven decision making; Risk Management; Business Acumen; Analytical Thinking; Problem Solving; Communication; Negotiation,,,20250820_162157_DataPM_result_batch_2.csv,2
"Technical Product Manager - Producto API - scrum, agile - remoto (*A)",Product Manager,BETWEEN TECHNOLOGY,Spain,Community of Madrid,Madrid,Full-time,5+,Unknown,Stakeholder Management; Cross-functional Collaboration; Communication; Agile; Scrum; Product Development; Product Roadmapping; Feature Prioritization; Product Analytics; Product Strategy; OKRs; API,,Swagger; OpenAPI,20250820_162157_DataPM_result_batch_2.csv,3
Product Manager (relocation to Abu Dhabi,Product Manager,Presight,European Union,Unknown,Unknown,Unknown,5+,Manager,Product Strategy; Product Development; Product Launch; Product Roadmapping; Feature Prioritization; User Stories; Requirements Gathering; Market Research; Competitive Analysis; Product Analytics; Stakeholder Management; Cross-functional Collaboration; Communication; Analytical Thinking,Bachelor's Degree; Engineering,Figma,20250820_162157_DataPM_result_batch_2.csv,4
Product Manager Identity Verification & Fraud,Product Manager,Microblink,European Union,Unknown,Unknown,Full-time,3-5,Manager,Product Strategy; Product Development; Product Roadmapping; Market Research; Product Analytics; Stakeholder Management; Cross-functional Collaboration; Agile; Communication; Problem Solving; Strategic Thinking; Analytical Thinking; Data Analysis; KPI Definition; Metrics Design; Data-driven decision making,Bachelor's Degree; Engineering; Business,,20250820_162157_DataPM_result_batch_2.csv,5
Product Manager,Product Manager,Unknown,European Union,Unknown,Unknown,Full-time,5+,Manager,Product Strategy; Product Development; Product Launch; Product Roadmapping; Feature Prioritization; Market Research; Competitive Analysis; Product Lifecycle Management; Stakeholder Management; Cross-functional Collaboration; Communication; Presentation Skills; Analytical Thinking; Business Acumen; Product Analytics,Bachelor's Degree; Master's Degree,,20250820_162157_DataPM_result_batch_2.csv,6
Principal Product Manager,Product Manager,Welltech,Spain,Catalonia,Barcelona,Full-time,3-5,Unknown,Product Strategy; Product Roadmapping; Market Research; Competitive Analysis; Product Development; Product Launch; Agile; Scrum; A/B Testing; Data Analysis; User Research; Stakeholder Management; Cross-functional Collaboration; Communication; Product Lifecycle Management; User Stories,,,20250820_162157_DataPM_result_batch_2.csv,7
"Staff Product Manager (remote, UTC-3 to UTC+3)",Product Manager,Checkly,Spain,Community of Madrid,Madrid,Full-time,5+,Senior,Product Strategy; Product Development; Product Launch; Product Roadmapping; Feature Prioritization; User Stories; Requirements Gathering; Market Research; Competitive Analysis; Product Analytics; Growth Hacking; Stakeholder Management; Cross-functional Collaboration; Executive Communication; Product Lifecycle Management; Agile; OKRs; KPI Definition,,Slack; Microsoft Teams; Zoom; Google Meet; Miro; Mural; Whimsical; Lucidchart; Jamboard; FigJam; MS Whiteboard; Jira; Confluence; Notion; Trello; Asana; ClickUp; Monday.com; Wrike; Figma,20250820_162157_DataPM_result_batch_2.csv,8
Sales Account & Product Manager Iberia – Compounding / Plastic Materials,Product Manager,IMCD,Spain,Unknown,Unknown,Unknown,5+,Manager,Stakeholder Management; Cross-functional Collaboration,Engineering,Salesforce,20250820_162157_DataPM_result_batch_2.csv,9
Product Designer,Product Designer,Mercadona Tech,Spain,Valencian Community,Valencia,Full-time,3-5,Mid,User Research; User-Centered Design; Design Thinking; Wireframing; Prototyping; UI/UX Design; Agile; Stakeholder Management; Cross-functional Collaboration; Communication; Problem Solving,,Figma; Sketch; Framer,20250821_013418_DataPM_result_batch_1.csv,0
Ingeniero/a Industrial (consultoría operacional),Consultant,Laberit,Spain,Valencian Community,Valencia,Unknown,0-3,Unknown,Process Optimization,Engineering,,20250821_013418_DataPM_result_batch_1.csv,1
¿Quieres trabajar con nosotros?,Unknown,Octopus Energy,Spain,Valencia,Valencia,Full-time,Unknown,Unknown,,,,20250821_013418_DataPM_result_batch_1.csv,2
Junior/Beca en Deloitte Legal - Valencia,Consultant,Deloitte,Spain,Valencian Community,Valencia,Unknown,0-3,Unknown,Communication; Problem Solving; Analytical Thinking; Stakeholder Management,Bachelor's Degree; Master's Degree,,20250821_013418_DataPM_result_batch_1.csv,3
Data Analyst (Mobile Games),Data Analyst,Unknown,European Union,Unknown,Unknown,Contract,3-5,Mid,Data Analysis; Data Visualization; Reporting & Dashboards; KPI Dashboards; Funnel Analysis; Attribution Modeling; Business Intelligence; Google Analytics (UA); A/B Testing,,Excel; Google Analytics,20250821_013418_DataPM_result_batch_1.csv,4
Becario de operaciones,Operations Manager,Unknown,Spain,Valencian Community,Valencia,Full-time,0-3,Intern,Stakeholder Management; Cross-functional Collaboration; Communication; Organization; Process Optimization,Engineering; Higher Education,Excel,20250821_013418_DataPM_result_batch_1.csv,5
Técnico/a de planificación de la demanda,Data Analyst,Norauto,Spain,Valencia,Valencia,Full-time,0-3,Unknown,Data Analysis; Communication; Problem Solving; Organization; Logistics; Stakeholder Management; Supply Chain Management,Bachelor's Degree; Master's Degree; Engineering,Excel,20250821_013418_DataPM_result_batch_1.csv,6
Business Analyst (Pricing & Operations),Business Analyst,IVC Evidensia,Spain,Valencian Community,Valencia,Full-time,3-5,Unknown,Data Analysis; Stakeholder Management; Communication; Organization; Project Management; KPI Definition; Business Acumen; Reporting & Dashboards,,Excel; Power BI; SQL,20250821_013418_DataPM_result_batch_1.csv,7
Player Care - QA Analyst - Monopoly GO!,QA / Test Engineer,Scopely,Spain,Andalucía,Sevilla,Unknown,0-3,Unknown,Communication; Quality Assurance; Stakeholder Management,,Jira; Excel,20250821_013418_DataPM_result_batch_1.csv,8
"Responsable de Planificación, Seguimiento de Negocio y Operaciones Territorial_DT Levante",Business Analyst,AXA,Spain,Valencian Community,Valencia,Unknown,5+,Unknown,Stakeholder Management; Cross-functional Collaboration,Bachelor's Degree; Engineering,,20250821_013418_DataPM_result_batch_1.csv,9
Supply Chain Sales Specialist,Consultant,Imperia,Spain,Valencian Community,Valencia,Full-time,0-3,Unknown,Sales enablement understanding; Account Management basics; Communication; Stakeholder Management; Negotiation,,Slack; Microsoft Teams; Zoom; Google Meet,20250821_013418_DataPM_result_batch_2.csv,0
Governance Risk & Compliance Analyst,Compliance / Regulatory Specialist,XTEL,European Union,Unknown,Unknown,Full-time,3-5,Mid,Risk Management; Regulatory Compliance; Security; Stakeholder Management,,Azure; Microsoft Office; Microsoft Teams,20250821_013418_DataPM_result_batch_2.csv,1
Business Analyst,Business Analyst,Sollers,Spain,Valencian Community,Valencia,Full-time,0-3,Unknown,Business Acumen; Problem Solving; Analytical Thinking; Agile; Stakeholder Management,Bachelor's Degree,,20250821_013418_DataPM_result_batch_2.csv,2
Murex Business Analyst 100% Remoto,Business Analyst,Unknown,Spain,Unknown,Unknown,Unknown,5+,Unknown,Financial Analysis; Problem Solving,,SQL,20250821_013418_DataPM_result_batch_2.csv,3
Product Data Analyst – User dashboards B2B2C,Data Analyst,Fourvenues,Spain,Valencian Community,Valencia,Full-time,3-5,Mid,"Data Analysis; Data Visualization; UX metrics (task success, time on task); Requirements Gathering; Stakeholder Management; KPI Definition; Data-driven decision making; Business Intelligence; Data Warehousing concepts; Funnel & Retention Dashboards; API; Business Acumen; Analytical Thinking; Communication; Regulatory Compliance; Quality Assurance",,Tableau; Looker; SQL; JavaScript; TypeScript; Power BI,20250821_013418_DataPM_result_batch_2.csv,4
Analista de Negocio - Precios & Operaciones,Business Analyst,IVC Evidensia,Spain,Valencian Community,Valencia,Full-time,3-5,Unknown,Stakeholder Management; KPI Definition; Cross-functional Collaboration; Data Analysis; Communication; Organization; Problem Solving,,Excel; Power BI; SQL,20250821_013418_DataPM_result_batch_2.csv,5
E-Commerce Manager,Digital Marketing Specialist,Puchol Logistics,Spain,Valencian Community,Valencia,Full-time,0-3,Unknown,SEO; SEM; Marketing Analytics; Communication; Problem Solving; Analytical Thinking,,Excel,20250821_013418_DataPM_result_batch_2.csv,6
Analytics Business Consultant (m/f/d),Business Analyst,BSH Electrodomésticos,Spain,Valencian Community,Valencia,Full-time,0-3,Unknown,Agile; Scrum; Kanban; Stakeholder Management; Business Intelligence; Security,Engineering; Other,Power BI; Jira,20250821_013418_DataPM_result_batch_2.csv,7
Claims Data Analyst/Business Analyst. Healthcare,Data Analyst,Trinetix,United States,Tennessee,Nashville,Unknown,5+,Unknown,Data Analysis; Business Intelligence; Data Warehousing concepts; Requirements Gathering; Stakeholder Management; Communication; Problem Solving; Business Acumen; Healthcare Knowledge,Bachelor's Degree,Power BI; Tableau; Looker; SQL,20250821_013418_DataPM_result_batch_2.csv,8
Sales Representative Specialist - Valencia,Sales Representative,Leica Geosystems,Spain,Valencia,Valencia,Full-time,5+,Unknown,Sales enablement understanding; Account Management basics; Stakeholder Management; Negotiation; Communication,Engineering; Higher Education,Salesforce,20250821_013418_DataPM_result_batch_2.csv,9
IT Business Analyst,Business Analyst,ERNI,Spain,Valencian Community,Valencia,Unknown,5+,Senior,Data Analysis; Requirements Gathering; Stakeholder Management; Cross-functional Collaboration; Communication; Analytical Thinking; Agile; SDLC; Quality Assurance,,Jira; Confluence,20250821_013418_DataPM_result_batch_3.csv,0
IT Business Analyst con Francés,Business Analyst,Sopra Steria,Spain,Valencian Community,Valencia,Full-time,3-5,Unknown,Requirement Gathering (detailed); Stakeholder Management; Cross-functional Collaboration,,,20250821_013418_DataPM_result_batch_3.csv,1
Técnico/a de redes,Network Engineer,Prosodie,Spain,Valencian Community,Valencia,Full-time,0-3,Unknown,Communication; Security; Regulatory Compliance,Higher Education; Engineering,,20250821_013418_DataPM_result_batch_3.csv,2
Salesforce Marketing Cloud,Software Engineer,Xplore Group,Spain,Valencian Community,Valencia,Full-time,0-3,Junior,Agile; Scrum; Kanban; A/B Testing; Data Modeling; API,,JavaScript; AWS; Azure; Git; GitHub; Jira; Confluence; SQL,20250821_013418_DataPM_result_batch_3.csv,3
Backend AI Engineer,ML Engineer,Shakers,Spain,Valencian Community,Madrid,Unknown,3-5,Unknown,Backend Development; Version Control; API; Performance Optimization; Cross-functional Collaboration; CI/CD; DevOps,,Python; Docker; AWS; Azure; GCP; OpenAI API; Anthropic API; LangChain; LlamaIndex,20250821_013418_DataPM_result_batch_3.csv,4
Especialista en Customer Care,Consultant,Octopus Energy,Spain,Valencian Community,Valencia,Full-time,0-3,Unknown,Communication; Problem Solving; Customer Success alignment,Higher Education; Vocational Training,Excel,20250821_013418_DataPM_result_batch_3.csv,5
Gestor/a Energético/a (Valencia),Customer Success,Octopus Energy Spain,Spain,Valencian Community,Valencia,Full-time,0-3,Unknown,Communication; Customer Success alignment; Sales enablement understanding; Account Management basics; Support escalation processes,,,20250821_013418_DataPM_result_batch_3.csv,6
Product Analyst – Optimización de flujos de compra y configuración,Product Analyst,Fourvenues,Spain,Valencian Community,Valencia,Full-time,3-5,Mid,Data Analysis; Data Visualization; A/B Testing; Funnel Analysis; Cohort Analysis; Experiment Design; Stakeholder Management; Communication; Business Acumen; Analytical Thinking; Problem Solving,,SQL; Tableau; Power BI; GA4; Mixpanel; Amplitude; Looker,20250821_013418_DataPM_result_batch_3.csv,7
Social Media & Content Growth Specialist,Consultant,Imperia,Spain,Valencian Community,Valencia,Full-time,3-5,Mid,Content Marketing; Social Media Marketing; Growth Strategy; Communication; Stakeholder Management,,,20250821_013418_DataPM_result_batch_3.csv,8
Business Operations,Project Manager,Imperia,Spain,Valencian Community,Valencia,Full-time,0-3,Unknown,Project Management; Process Optimization; Stakeholder Management; Communication,Engineering; Computer Science,SQL; SQL Server; Oracle,20250821_013418_DataPM_result_batch_3.csv,9
Business Analyst/Product Owner. Healthcare. Clinical data,Business Analyst,Trinetix,United States,Tennessee,Nashville,Unknown,5+,Senior,Stakeholder Management; Cross-functional Collaboration; Product Strategy; Product Development; Requirements Gathering; Agile; Scrum; Product Roadmapping; Product Lifecycle Management; Data Analysis; Data Visualization; Business Intelligence; Product Analytics; A/B Testing; User Research; User Stories; KPI Definition; Communication; Problem Solving; Regulatory Compliance,Bachelor's Degree; Master's Degree,AWS; Azure; GCP; Snowflake; Databricks; Power BI; Looker; Tableau; Excel; Jira; Confluence; SQL,20250821_013418_DataPM_result_batch_4.csv,0
Digital Data Analyst,Data Analyst,Fourvenues,Spain,Valencian Community,Valencia,Unknown,3-5,Unknown,Data Analysis; Data Visualization; Business Intelligence; Stakeholder Management; Communication; Problem Solving; Analytical Thinking; Funnel Analysis; KPI Definition; Metrics Design; Reporting & Dashboards; KPI Dashboards; Data-driven decision making; Experiment Design; Hypothesis Testing; Data Warehousing concepts,,SQL; Google Analytics; GA4; Tableau; Looker; Google Workspace; Excel; Python; MongoDB; Google Tag Manager,20250821_013418_DataPM_result_batch_4.csv,1
Product Owner,Product Owner,Mercadona,Spain,Valencian Community,Albalat dels Sorells,Full-time,3-5,Unknown,Product Strategy; Product Development; Product Launch; Product Roadmapping; Feature Prioritization; User Stories; Requirements Gathering; Market Research; Competitive Analysis; Product Analytics; Stakeholder Management; Cross-functional Collaboration; Executive Communication; Product Lifecycle Management; Agile; Scrum,Engineering,Jira; Confluence,20250821_163730_DataPM_result_batch_1.csv,0
Product Owner,Product Owner,BrainRocket,Spain,Valencian Community,Valencia,Unknown,3-5,Unknown,Product Development; Stakeholder Management; Cross-functional Collaboration; Communication; Analytical Thinking; Problem Solving; Organization; Leadership; Conflict Resolution; Agile; Scrum; OKRs; Requirements Gathering,,Jira; Confluence,20250821_163730_DataPM_result_batch_1.csv,1
Product Owner,Product Owner,BrainRocket,Spain,Valencian Community,Valencia,Full-time,3-5,Mid,Agile; Scrum; Stakeholder Management; Cross-functional Collaboration; Communication; Analytical Thinking; Problem Solving; Organization; Leadership; Conflict Resolution; OKRs,,,20250821_163730_DataPM_result_batch_1.csv,2
Product Owner,Product Owner,BrainRocket,Spain,Valencian Community,Valencia,Full-time,3-5,Mid,Product Development; Requirements Gathering; Stakeholder Management; Cross-functional Collaboration; OKRs; Agile; Scrum; Analytical Thinking; Problem Solving; Communication; Leadership,,Jira; Confluence,20250821_163730_DataPM_result_batch_1.csv,3
Product Owner (m/f/d),Product Owner,Unknown,Spain,Unknown,Unknown,Unknown,3-5,Unknown,Product Strategy; Product Development; Product Roadmapping; Feature Prioritization; User Stories; Requirements Gathering; Market Research; Stakeholder Management; Cross-functional Collaboration; Agile; Scrum; User-Centered Design; UI/UX Design; Product Analytics,,Figma; Jira; Confluence; Google Analytics,20250821_163730_DataPM_result_batch_1.csv,4
Product Owner – Insight Analytics & AI,Product Owner,Unknown,Spain,Valencian Community,Valencia,Full-time,3-5,Unknown,Product Strategy; Product Development; Product Roadmapping; Feature Prioritization; User Stories; Requirements Gathering; Market Research; Competitive Analysis; Product Analytics; Growth Hacking; Product Ops support tasks; Opportunity Sizing; Requirement Gathering (detailed); Acceptance Criteria; Stakeholder Management; Cross-functional Collaboration; Executive Communication; OKRs; KPI Definition; Metrics Design; Performance Measurement; Roadmap Communication; Roadmap tradeoff communication; Launch post-mortems and learnings; Agile; Scrum; Data Analysis; Machine Learning; AI; Predictive Analytics; MLOps awareness; Ethical AI awareness; Experimentation; A/B Testing; Communication; Presentation Skills; Data-driven decision making,,Power BI; Tableau; Jira; Confluence; Notion; MLflow; DataRobot; Looker,20250821_163730_DataPM_result_batch_1.csv,5
Business Analyst/Product Owner. Healthcare. Clinical data,Business Analyst,Trinetix,United States,Tennessee,Nashville,Unknown,5+,Senior,Product Development; Product Roadmapping; User Stories; Requirements Gathering; Market Research; Stakeholder Management; Cross-functional Collaboration; KPI Definition; Metrics Design; Regulatory Compliance; Problem Solving; Communication; Agile; Scrum; Data Analysis; Data Modeling; Data Governance; User Research; Acceptance Criteria; Analytical Thinking,Bachelor's Degree; Master's Degree,Power BI; Looker; Tableau; GCP; AWS; Azure; Databricks; Snowflake; Jira; Confluence,20250821_163730_DataPM_result_batch_1.csv,6
Product Owner,Product Owner,Mercadona IT,Spain,Valencian Community,Albalat dels Sorells,Unknown,3-5,Unknown,Product Strategy; Product Development; Product Launch; Product Roadmapping; Feature Prioritization; User Stories; Requirements Gathering; Stakeholder Management; Cross-functional Collaboration; Agile; Scrum; Product Lifecycle Management; Communication; Problem Solving; Analytical Thinking,Engineering,Jira; Confluence,20250821_163730_DataPM_result_batch_1.csv,7
Product Owner,Product Owner,BrainRocket,Spain,Valencian Community,Valencia,Unknown,3-5,Unknown,Product Development; Stakeholder Management; Communication; Analytical Thinking; Problem Solving; Leadership; Conflict Resolution; Agile; Scrum; OKRs; Requirement Gathering (detailed); Acceptance Criteria,,Jira; Confluence,20250821_163730_DataPM_result_batch_1.csv,8
Product Owner,Product Owner,BrainRocket,Spain,Valencian Community,Valencia,Full-time,3-5,Mid,Product Development; Product Roadmapping; Stakeholder Management; Cross-functional Collaboration; OKRs; Communication; Problem Solving; Analytical Thinking; Leadership; Conflict Resolution; Agile; Scrum,,Jira; Confluence,20250821_163730_DataPM_result_batch_1.csv,9
Product Owner,Product Owner,BrainRocket,Spain,Valencian Community,Valencia,Full-time,3-5,Mid,Agile; Scrum; Stakeholder Management; Communication; Analytical Thinking; Leadership; OKRs; Cross-functional Collaboration,,,20250821_163730_DataPM_result_batch_2.csv,0
Product Owner (m/f/d),Product Owner,Unknown,Spain,Unknown,Unknown,Unknown,3-5,Unknown,Product Strategy; Product Development; Product Roadmapping; Feature Prioritization; User Stories; Requirements Gathering; Market Research; Stakeholder Management; Cross-functional Collaboration; Agile; Scrum; Product Analytics; User-Centered Design; UI/UX Design; Product Lifecycle Management; Problem Solving; Analytical Thinking; Communication,,Jira; Confluence; Figma; Google Analytics,20250821_163730_DataPM_result_batch_2.csv,1
Product Owner – Insight Analytics & AI,Product Owner,Unknown,Spain,Valencian Community,Valencia,Full-time,3-5,Unknown,Product Strategy; Product Development; Product Roadmapping; Feature Prioritization; User Stories; Requirements Gathering; Market Research; Competitive Analysis; Product Analytics; Product Ops support tasks; Opportunity Sizing; Requirement Gathering (detailed); Acceptance Criteria; Stakeholder Management; Cross-functional Collaboration; Executive Communication; OKRs; KPI Definition; Metrics Design; Performance Measurement; Roadmap Communication; Roadmap tradeoff communication; Launch post-mortems and learnings; Data Analysis; Predictive Analytics; Machine Learning; AI; Product-led Growth (PLG); Business Intelligence; A/B Testing; Experimentation; Communication; Presentation Skills; Agile; Scrum; Product Lifecycle Management; Data Pipeline awareness; Product portfolio management (basic); Hypothesis Driven Development; MLOps awareness; Ethical AI awareness,,Power BI; Tableau; Jira; Confluence; Notion,20250821_163730_DataPM_result_batch_2.csv,2
Business Analyst/Product Owner. Healthcare. Clinical data,Business Analyst,Trinetix,United States,Tennessee,Nashville,Unknown,5+,Senior,Product Strategy; Product Development; Product Roadmapping; Feature Prioritization; User Stories; Requirements Gathering; Market Research; Stakeholder Management; Cross-functional Collaboration; Communication; Problem Solving; Agile; Scrum; Stakeholder ROI communication; Healthcare Knowledge; Regulatory Compliance; Product Lifecycle Management; Data Analysis; Business Intelligence; Data Modeling; Product Analytics; KPI Definition; Metrics Design; Performance Measurement; Data Governance,Bachelor's Degree; Master's Degree,Power BI; Looker; Tableau; AWS; Azure; GCP; Databricks; Snowflake; Jira; Confluence; SQL,20250821_163730_DataPM_result_batch_2.csv,3
Project Manager,Project Manager,Nunsys Group,Spain,Valencian Community,Valencia,Unknown,5+,Unknown,Project Management; Agile; Scrum; Stakeholder Management; Cross-functional Collaboration; Communication; Risk Management; Regulatory Compliance; Technical Writing,,Microsoft Office; Confluence; Jira,20250822_103348_DataPM_result_batch_1.csv,0
Project Manager Técnico JR/ IT Project Manager JR,Project Manager,Randstad Digital,Spain,Valencian Community,Madrid,Unknown,0-3,Unknown,Project Management; Communication; Negotiation; Stakeholder Management; Time Management; Organization,Other,Microsoft Office,20250822_103348_DataPM_result_batch_1.csv,1
Beca - Junior Project Manager,Consultant,Euro-Funding,Spain,Valencian Community,Valencia,Unknown,0-3,Intern,Analytical Thinking; Technical Writing,Engineering; Higher Education,Microsoft Office; Excel; PowerPoint; Word,20250822_103348_DataPM_result_batch_1.csv,2
Responsable de proyectos / Comercial,Project Manager,Ixina Cocinas Alemanas,Spain,Valencia,Alfafar,Full-time,0-3,Unknown,Stakeholder Management,Bachelor's Degree; Higher Education,,20250822_103348_DataPM_result_batch_1.csv,3
Talent Pool | Project Manager de Obra,Project Manager,Unknown,Spain,Valencian Community,Valencia,Unknown,3-5,Manager,Project Management; Stakeholder Management; Communication; Negotiation; Problem Solving,,,20250822_103348_DataPM_result_batch_1.csv,4
Gestor/a de Proyectos de I+D+i,Project Manager,AIMPLAS,Spain,Valencian Community,Valencia,Full-time,5+,Unknown,Project Management; Stakeholder Management; Cross-functional Collaboration; Leadership; Business Acumen; Negotiation; Problem Solving; Communication; Technical Writing; Quality Assurance; Regulatory Compliance; Financial Analysis; Risk Management,Bachelor's Degree; Master's Degree,Microsoft Office,20250822_103348_DataPM_result_batch_1.csv,5
Product Manager PM - Especialista en ticketing y accesos,Consultant,Fourvenues,Spain,Valencian Community,Valencia,Full-time,3-5,Mid,Product Strategy; Product Development; Product Launch; Product Roadmapping; Feature Prioritization; User Stories; Requirements Gathering; Market Research; Competitive Analysis; Product Analytics; Stakeholder Management; Cross-functional Collaboration; Communication; Problem Solving; Analytical Thinking; Business Acumen; OKRs; KPI Definition; Metrics Design; Performance Measurement; Product Ops support tasks; Roadmap Communication; Roadmap tradeoff communication; Launch post-mortems and learnings; Growth Hacking,,,20250822_103348_DataPM_result_batch_1.csv,6
Project Manager,Project Manager,BrainRocket,Spain,Valencian Community,Valencia,Full-time,3-5,Unknown,Project Management; Agile; Scrum; Kanban; SDLC; Time Management; Problem Solving; Communication; Risk Management,,Jira; Confluence,20250822_103348_DataPM_result_batch_1.csv,7
CP57 Profesional: Jefe de proyecto,Project Manager,Greene,Spain,Valencian Community,Elche,Unknown,3-5,Manager,Project Management; Leadership; Problem Solving; Communication; Stakeholder Management,Engineering,Microsoft Office,20250822_103348_DataPM_result_batch_1.csv,8
Manager Nuevos Desarrollos y Oficina Técnica,Project Manager,Unknown,Spain,Valencian Community,Valencia,Unknown,5+,Manager,Project Management; Product Development,Higher Education,,20250822_103348_DataPM_result_batch_1.csv,9
IT Project Manager,Project Manager,GRUPO CASFID,Spain,Valencian Community,Valencia,Unknown,5+,Manager,Project Management; Scrum; Kanban; Stakeholder Management; Communication; Problem Solving; Analytical Thinking; Leadership; Agile; Software Development,Engineering,Jira; Confluence; SQL,20250822_103348_DataPM_result_batch_2.csv,0
¡Buscamos Project Manager de Marketplaces!,Account Manager,Sidi Global Market S.L.,Spain,Valencian Community,Alacuás,Unknown,3-5,Mid,Stakeholder Management; Communication; Reporting & Dashboards; Data Analysis,,Excel,20250822_103348_DataPM_result_batch_2.csv,1
Project Manager,Project Manager,ISTOBAL S.A.,Spain,Valencian Community,L'Alcúdia,Unknown,0-3,Unknown,Project Management; Agile; Scrum; Kanban; Risk Management; Stakeholder Management; Cross-functional Collaboration; Process Optimization,Engineering; Master's Degree,Jira; Microsoft Office,20250822_103348_DataPM_result_batch_2.csv,2
Project Manager,Project Manager,Unknown,Spain,Valencian Community,Valencia,Full-time,3-5,Mid,Project Management; Communication; Problem Solving; Technical Writing; Training,Engineering,,20250822_103348_DataPM_result_batch_2.csv,3
RESPONSABLE PROYECTOS I+D+I,Project Manager,Importaco,Spain,Valencian Community,Beniparrell,Unknown,3-5,Unknown,Project Management; Stakeholder Management; Cross-functional Collaboration,Engineering; Other; PhD,,20250822_103348_DataPM_result_batch_2.csv,4
Development Manager,Project Manager,31st Union,Spain,Valencian Community,Valencia,Full-time,5+,Manager,Project Management; Stakeholder Management; Cross-functional Collaboration; Risk Management; Communication; Problem Solving; Team Management; Mentoring; Leadership; Project Management (advanced),,Jira; Confluence,20250822_103348_DataPM_result_batch_2.csv,5
Gestor/a de Proyectos de obra Interno,Project Manager,Claire Joster,Spain,Valencian Community,Petrel,Full-time,5+,Unknown,Project Management; Stakeholder Management; Negotiation,Engineering; Higher Education,,20250822_103348_DataPM_result_batch_2.csv,6
Project Manager de Visión artificial e inteligencia artificial,Project Manager,AINIA,Spain,Valencian Community,Paterna,Full-time,3-5,Manager,Project Management; Agile; Stakeholder Management; Cross-functional Collaboration; Communication; Problem Solving; Analytical Thinking,Bachelor's Degree; Master's Degree; Engineering,Python; C++; Figma; Jira; Confluence,20250822_103348_DataPM_result_batch_2.csv,7
Ingeniero/a de Soporte a Gestión de Proyecto - Sector Calderería Industrial (Valencia) (ç),Project Manager,BETWEEN,Spain,Valencia,Paterna,Full-time,3-5,Mid,Project Management; Stakeholder Management; Communication; Problem Solving,Engineering,Excel; Word,20250822_103348_DataPM_result_batch_2.csv,8
Ingeniero de proyecto,Project Manager,García Carrión,Spain,Valencian Community,Segorbe,Unknown,3-5,Unknown,Project Management,Engineering,,20250822_103348_DataPM_result_batch_2.csv,9
Proyect Manager,Project Manager,Grupo Elecnor,Spain,Comunidad Valenciana,Castellón,Full-time,3-5,Unknown,Project Management; Stakeholder Management; Leadership,Engineering,,20250822_103348_DataPM_result_batch_3.csv,0
Project Manager - Product Improvements,Project Manager,Sonova,Spain,Valencian Community,Alicante,Unknown,3-5,Manager,Project Management; Change Management; Process Optimization; Communication; Problem Solving; Team Management; Cross-functional Collaboration; Stakeholder Management,Engineering,Microsoft Teams,20250822_103348_DataPM_result_batch_3.csv,1
Software Project Manager,Project Manager,Preference,Spain,Valencian Community,Valencia,Full-time,5+,Manager,Project Management; Stakeholder Management; Communication; Problem Solving; Process Optimization,Engineering; Higher Education,Jira; Excel,20250822_103348_DataPM_result_batch_3.csv,2
Buscamos: Creativo/A 360O Project Manager,Project Manager,Unknown,Spain,Valencian Community,Alicante,Full-time,Unknown,Manager,Stakeholder Management; Executive Communication; Cross-functional Collaboration,,Photoshop; Premiere Pro; After Effects; Canva; Notion; Google Analytics,20250822_103348_DataPM_result_batch_3.csv,3
Development Manager,Project Manager,31st Union,Spain,Valencian Community,Valencia,Full-time,5+,Manager,Project Management; Stakeholder Management; Cross-functional Collaboration; Communication; Risk Management; Problem Solving; Leadership; Team Management,,Jira; Confluence,20250822_103348_DataPM_result_batch_3.csv,4
RESPONSABLE PROYECTOS I+D+I,Project Manager,Importaco,Spain,Valencian Community,Beniparrell,Unknown,3-5,Unknown,Project Management; Stakeholder Management; Communication; Process Optimization; Analytical Thinking; Regulatory Compliance,Engineering; PhD,Excel; PowerPoint; Word; Outlook; Google Workspace,20250822_103348_DataPM_result_batch_3.csv,5
Scrum Master,Project Manager,BrainRocket,Spain,Valencian Community,Valencia,Full-time,3-5,Mid,Agile; Scrum; Kanban; Project Management; Stakeholder Management; Cross-functional Collaboration; Communication; Problem Solving; Facilitation,,Jira; Trello,20250822_103348_DataPM_result_batch_3.csv,6
New Product Introduction (NPI) Senior Expert,Project Manager,PowerCo,Spain,Valencian Community,Valencia,Full-time,5+,Unknown,Project Management; Stakeholder Management; Cross-functional Collaboration; Process Optimization; Problem Solving; Critical Thinking; Analytical Thinking; Leadership; Team Management; Mentoring; Communication; Risk Management; Technical Writing; Quality Assurance; Statistical Analysis; Data Analysis,Master's Degree; Engineering; Automotive Engineering; Chemical Engineering; Mechanical Engineering,,20250822_103348_DataPM_result_batch_3.csv,7
Consultor/a / PM Dynamics BC,Project Manager,Q-tech,Spain,Unknown,Unknown,Unknown,5+,Senior,Stakeholder Management; Cross-functional Collaboration; Project Management,,Microsoft Office,20250822_103348_DataPM_result_batch_3.csv,8
LLP - TMS of Tomorrow Project - Quality Manager,Quality Analyst,Unknown,Spain,Valencian Community,Valencia,Full-time,3-5,Manager,Project Management; Change Management; Agile; Waterfall; Lean; Six Sigma; Stakeholder Management; Communication; Process Optimization; Supply Chain Management; Risk Management; Auditing; Regulatory Compliance; Quality Assurance; Quality Control,Higher Education; Engineering,Excel; PowerPoint; Word,20250822_103348_DataPM_result_batch_3.csv,9
Project Manager - Promotora Inmobiliaria,Project Manager,WeHunt,Spain,Valencian Community,Alicante,Unknown,5+,Manager,Project Management; Stakeholder Management; Negotiation; Leadership,Engineering,Microsoft Office,20250822_103348_DataPM_result_batch_4.csv,0
Change manager,Unknown,NTT DATA,Spain,Valencian Community,Alicante,Unknown,Unknown,Unknown,Change Management; Stakeholder Management; Communication; Process Optimization,,,20250822_103348_DataPM_result_batch_4.csv,1
Internship - Program Management 1 1,Project Manager,Celestica Valencia S.A.,Spain,Valencian Community,Valencia,Internship,0-3,Intern,Project Management; Communication; Problem Solving,,Excel; PowerPoint; Word,20250822_103348_DataPM_result_batch_4.csv,2
Project Manager,Project Manager,Vortex,Spain,Valencian Community,Silla,Full-time,3-5,Mid,Project Management; Communication; Problem Solving; Time Management; Training,Engineering,,20250822_103348_DataPM_result_batch_4.csv,3
CX Operations & Automation Project Manager,Project Manager,Groupon,Spain,Valencian Community,Madrid,Unknown,5+,Manager,Project Management; Agile; Scrum; Stakeholder Management; Cross-functional Collaboration; Data Analysis; Process Optimization; Problem Solving,Bachelor's Degree; Engineering,Excel; Tableau; Salesforce; Asana; Google Analytics,20250822_103348_DataPM_result_batch_4.csv,4
Coordinador/a Lider técnico/a de proyectos IT/Software,Project Manager,Inetum Valencia,Spain,Valencian Community,Valencia,Unknown,5+,Senior,Project Management; Leadership; Stakeholder Management; Communication,,,20250822_103348_DataPM_result_batch_4.csv,5
Senior SAP QM/PM Consultant,Consultant,Westernacher Consulting,Spain,Valencian Community,Valencia,Full-time,5+,Senior,Project Management; Stakeholder Management; Communication; Cross-functional Collaboration; Quality Assurance,,,20250822_103348_DataPM_result_batch_4.csv,6
Project Manager – Client integrations,Implementation / Onboarding Manager,Apex Group,Spain,Valencian Community,Valencia,Full-time,0-3,Unknown,Project Management; Stakeholder Management; Communication; Regulatory Compliance,Bachelor's Degree,,20250822_103348_DataPM_result_batch_4.csv,7
Operational Excellence Manager - 1014784576,Operations Manager,Leadtech,Spain,Catalunya,Barcelona,Full-time,5+,Manager,Agile; Lean; Six Sigma; Project Management; Cross-functional Collaboration; Stakeholder Management; Communication; Analytical Thinking; Problem Solving; Risk Management; Process Optimization; KPI Definition; Data Analysis,Bachelor's Degree; Engineering; Business Administration; Computer Science,Jira; Confluence,20250822_103348_DataPM_result_batch_4.csv,8
Project Key Account Manager -Eastern Spain,Account Manager,GROHE,Spain,Valencian Community,Unknown,Unknown,5+,Unknown,Strategic Thinking; Stakeholder Management,Engineering; Other,Salesforce; Google Workspace,20250822_103348_DataPM_result_batch_4.csv,9
EU Project Manager,Assistant,Incubadora CON VALORES,Spain,Valencia,Valencia,Full-time,3-5,Unknown,Project Management; Cross-functional Collaboration,,Microsoft Office; Excel; PowerPoint; Word; Outlook; Google Workspace,20250822_103348_DataPM_result_batch_5.csv,0
Chargé de projet,Project Manager,Avantis Coopérative,Canada,Québec,Sainte-Marie,Full-time,3-5,Mid,Project Management; Stakeholder Management; Cross-functional Collaboration; Communication,Higher Education,,20250822_103348_DataPM_result_batch_5.csv,1
Logistic Automation Project Manager,Operations Manager,Power Electronics,Spain,Valencian Community,Valencia,Unknown,5+,Unknown,Project Management; Process Optimization; Logistics; Stakeholder Management; Training; Mentoring; Leadership; Team Management,Engineering,Microsoft Office; Excel; PowerPoint; Word,20250822_103348_DataPM_result_batch_5.csv,2
Salesforce Project Manager,Project Manager,Omega CRM,Spain,Valencian Community,Alicante,Full-time,5+,Manager,Project Management; Agile; Scrum; Stakeholder Management; Cross-functional Collaboration,,Jira; Salesforce,20250822_103348_DataPM_result_batch_5.csv,3
PROJECT MANAGER SALESFORCE,Project Manager,Aquaservice,Spain,Valencia,Paterna,Full-time,5+,Manager,Project Management; Stakeholder Management; Communication; Problem Solving,,Salesforce,20250822_103348_DataPM_result_batch_5.csv,4
PROJECT MANAGER PARA SERVICIO DE MANTENIMIENTO EN CA9O (VALENCIA),Project Manager,Germania,Spain,Valencian Community,Valencia,Full-time,3-5,Manager,Project Management; Stakeholder Management; Cross-functional Collaboration; Regulatory Compliance; Leadership; Team Management,Engineering,,20250822_103348_DataPM_result_batch_5.csv,5
PROJECT MANAGER SAT,Technical Support Engineer,Unknown,Spain,Valencian Community,Museros,Full-time,5+,Lead,Communication; Technical Writing,Engineering; Higher Education,,20250822_103348_DataPM_result_batch_5.csv,6
Service Delivery Manager,Operations Manager,Omada,Spain,Valencian Community,Alicante,Full-time,5+,Manager,Stakeholder Management; Communication; Problem Solving; Process Optimization; Information Security; Change Management; Leadership,,Microsoft Office,20250822_103348_DataPM_result_batch_5.csv,7
Projects & BIM Manager,Project Manager,Brandty,Spain,Valencian Community,Guardamar del Segura,Full-time,5+,Manager,Project Management; Stakeholder Management; Regulatory Compliance; Risk Management,Bachelor's Degree; Master's Degree; Engineering,Microsoft Office; Excel; PowerPoint; Word; Outlook,20250822_103348_DataPM_result_batch_5.csv,8
PM/SDM comunicaciones (Alicante),Project Manager,Métrica,Spain,Valencian Community,Sabadell,Unknown,5+,Manager,Project Management,,,20250822_103348_DataPM_result_batch_5.csv,9
Product Manager,Product Manager,Avantio,Spain,Valencian Community,Valencia,Full-time,3-5,Manager,Product Development; Product Strategy; Product Roadmapping; Market Research; Competitive Analysis; Stakeholder Management; Cross-functional Collaboration; Requirements Gathering; Communication; Problem Solving; KPI Definition; Metrics Design; Product Analytics; Product-led Growth (PLG); Growth Hacking; Business Acumen; Strategic Thinking; Leadership; Project Management; Agile,,Jira; Confluence; Figma; SQL; Productboard; ProductPlan,20250822_143048_DataPM_result_batch_1.csv,0
Product Manager,Product Manager,Cecotec,Spain,Valencian Community,Valencia,Unknown,3-5,Lead,Market Research; Product Development; Stakeholder Management,Bachelor's Degree,Excel,20250822_143048_DataPM_result_batch_1.csv,1
OPERATIONAL PRODUCT MANAGER H/M (46),Operations Manager,Unknown,Spain,Valencian Community,Valencia,Unknown,5+,Manager,Stakeholder Management; Cross-functional Collaboration; Negotiation; Regulatory Compliance; Supply Chain Management; Logistics,Master's Degree; Higher Education,Microsoft Office; Excel; Word; Outlook; PowerPoint,20250822_143048_DataPM_result_batch_1.csv,2
CATEGORY/PRODUCT MANAGER,Product Manager,Sp-Berner,Spain,Valencian Community,Aldaya,Unknown,3-5,Manager,Market Research; Stakeholder Management; Cross-functional Collaboration; Analytical Thinking; Strategic Thinking; Communication; Leadership,Higher Education,Excel; PowerPoint; Microsoft Office,20250822_143048_DataPM_result_batch_1.csv,3
Product Manager,Product Manager,BrainRocket,Spain,Valencian Community,Valencia,Full-time,0-3,Mid,Product Strategy; Market Research; Competitive Analysis; Cross-functional Collaboration; Stakeholder Management; Problem Solving,,,20250822_143048_DataPM_result_batch_1.csv,4
Product Manager,Product Manager,BrainRocket,Spain,Valencian Community,Valencia,Full-time,3-5,Manager,Product Strategy; Product Development; Product Launch; Product Roadmapping; Market Research; Competitive Analysis; Data Analysis; Problem Solving; Cross-functional Collaboration; Stakeholder Management,,,20250822_143048_DataPM_result_batch_1.csv,5
JOIN OUR PRODUCT MANAGEMENT TEAM!,Product Manager,SanLucar,Spain,Valencian Community,Puzol,Full-time,3-5,Unknown,Product Strategy; Market Research; Competitive Analysis; Negotiation; Supply Chain Management; Logistics,Higher Education,,20250822_143048_DataPM_result_batch_1.csv,6
Product Manager - TOS UI,Product Manager,Kaleris,Spain,Valencian Community,Valencia,Full-time,5+,Manager,Product Development; Requirements Gathering; Stakeholder Management; Cross-functional Collaboration; Technical Specification; Quality Assurance,,,20250822_143048_DataPM_result_batch_1.csv,7
New Product Introduction (NPI) Expert,Project Manager,PowerCo,Spain,Valencian Community,Valencia,Full-time,0-3,Unknown,Project Management; Cross-functional Collaboration; Stakeholder Management; Risk Management; Process Optimization; Technical Writing,Master's Degree; Engineering,Microsoft Office; Excel; PowerPoint; Word; Outlook; Google Workspace,20250822_143048_DataPM_result_batch_1.csv,8
ESG Associate Product Manager,Product Analyst,Apex Group,Spain,Valencian Community,Valencia,Unknown,0-3,Mid,Product Strategy; Product Development; Market Research; Competitive Analysis; User Research; Wireframing; Agile; Stakeholder Management; Cross-functional Collaboration; Communication; Analytical Thinking; Problem Solving; Time Management; Organization; Product Analytics; Software Development; User Interviews; Usability Testing; Product Roadmapping,Bachelor's Degree; Master's Degree; Engineering,Jira; Confluence; Figma; Excel; Microsoft Office; Adobe XD; Tableau,20250822_143048_DataPM_result_batch_1.csv,9
Administrativo/a en calidad de producto,Quality Analyst,ALE-HOP,Spain,Valencian Community,Oliva,Full-time,0-3,Unknown,Regulatory Compliance,Bachelor's Degree,Microsoft Office,20250822_143048_DataPM_result_batch_2.csv,0
ESG Product Manager,Product Manager,Apex Group,Spain,Valencian Community,Valencia,Full-time,5+,Manager,Product Strategy; Product Development; Product Launch; Product Roadmapping; Feature Prioritization; User Stories; Requirements Gathering; Market Research; Competitive Analysis; Product Analytics; Stakeholder Management; Cross-functional Collaboration; Communication; Problem Solving; Analytical Thinking; Agile; User Research; UI/UX Design,Bachelor's Degree; Master's Degree; Engineering,Google Analytics; Jira; Figma; Adobe XD; Confluence,20250822_143048_DataPM_result_batch_2.csv,1
Sr Product Manager,Product Manager,EFI,Spain,Valencian Community,Castellón de la Plana,Unknown,5+,Senior,Product Lifecycle Management; Product Strategy; Market Research; Competitive Analysis; Stakeholder Management; Cross-functional Collaboration; Executive Communication; Strategic Thinking; Analytical Thinking; Business Acumen; Leadership; Team Management; Communication; Problem Solving; Pricing Strategy; Go-to-Market (GTM),Bachelor's Degree,,20250822_143048_DataPM_result_batch_2.csv,2
ESG Associate Product Specialist,Product Manager,Apex Group,Spain,Valencian Community,Valencia,Unknown,3-5,Mid,Project Management; Stakeholder Management; Market Research; Competitive Analysis; Product Development; Product Lifecycle Management; Business Acumen; Analytical Thinking; Problem Solving; Communication; Time Management; Organization,Bachelor's Degree; Master's Degree,Azure; Power BI,20250822_143048_DataPM_result_batch_2.csv,3
PRODUCT PLANNER,Product Manager,SanLucar,Spain,Valencian Community,Puzol,Unknown,3-5,Unknown,Stakeholder Management; Communication; Problem Solving; Analytical Thinking; Process Optimization,Bachelor's Degree,Excel,20250822_143048_DataPM_result_batch_2.csv,4
Crypto Product manager,Product Manager,BrainRocket,Spain,Valencian Community,Valencia,Full-time,0-3,Manager,Product Strategy; Product Development; Product Launch; Product Roadmapping; Market Research; Competitive Analysis; Cross-functional Collaboration; Stakeholder Management; Data Analysis,,,20250822_143048_DataPM_result_batch_2.csv,5
Product & Quality Assurance Manager – Sector Espacio y Defensa,Quality Analyst,Unknown,Spain,Valencian Community,Valencia,Unknown,5+,Manager,Quality Assurance; Regulatory Compliance; Risk Management,Engineering; Other,,20250822_143048_DataPM_result_batch_2.csv,6
Brands Product Manager Team lead,Product Manager,BrainRocket,Spain,Valencian Community,Valencia,Full-time,5+,Manager,Stakeholder Management; Cross-functional Collaboration; Team Management; Leadership; Executive Communication; Communication; Strategic Thinking; Analytical Thinking; Problem Solving; Quality Assurance; Process Optimization; Regulatory Compliance,,Jira; Confluence; Figma; Sketch; Adobe XD; Microsoft Office,20250822_143048_DataPM_result_batch_2.csv,7
Senior Product Manager - Omnia,Product Manager,Confluence,Spain,Valencian Community,Valencia,Full-time,5+,Manager,Product Development; Stakeholder Management; Cross-functional Collaboration; Change Management; Communication; Analytical Thinking; Critical Thinking; Problem Solving; Process Optimization; Regulatory Compliance,Bachelor's Degree; Engineering,Jira; Salesforce; Confluence,20250822_143048_DataPM_result_batch_2.csv,8
Senior Product Manager - native Enterprise AI,Product Manager,Maisa,Spain,Valencian Community,Valencia,Full-time,5+,Senior,Product Strategy; Product Development; Product Roadmapping; Feature Prioritization; User Stories; Requirements Gathering; Market Research; Competitive Analysis; Product Analytics; Product-led Growth (PLG); Stakeholder Management; Cross-functional Collaboration; Executive Communication; Product Lifecycle Management; Roadmap Prioritization; OKRs; KPI Definition; Metrics Design; Performance Measurement; Roadmap Communication; Roadmap tradeoff communication; Launch post-mortems and learnings,,,20250822_143048_DataPM_result_batch_2.csv,9
"Senior Product Manager (Payments Platform, Disbursements)",Product Manager,Flywire,Spain,Valencian Community,Valencia,Full-time,5+,Senior,Product Development; Product Roadmapping; Stakeholder Management; Cross-functional Collaboration; Technical Specification; Communication; Problem Solving,,Jira; Confluence; SQL; Slack; Microsoft Teams; Zoom; Microsoft Office; Excel; PowerPoint; Word; Outlook; Google Workspace,20250822_143048_DataPM_result_batch_3.csv,0
Product Manager,Product Manager,Avantio,Spain,Valencian Community,Valencia,Full-time,3-5,Manager,Product Development; Product Roadmapping; Stakeholder Management; Cross-functional Collaboration; Requirements Gathering; Market Research; Competitive Analysis; KPI Definition; Metrics Design,,Jira; Confluence,20250822_143048_DataPM_result_batch_3.csv,1
Product Manager,Product Manager,Cecotec,Spain,Valencian Community,Valencia,Full-time,3-5,Unknown,Product Development; Market Research; Business Acumen; Stakeholder Management,Bachelor's Degree,Excel,20250822_143048_DataPM_result_batch_3.csv,2
OPERATIONAL PRODUCT MANAGER H/M (46),Operations Manager,Unknown,Spain,Valencian Community,Valencia,Unknown,5+,Manager,Stakeholder Management; Regulatory Compliance; Process Optimization; Supply Chain Management; Logistics; Negotiation,Master's Degree; Higher Education,Microsoft Office; Excel; Word; Outlook,20250822_143048_DataPM_result_batch_3.csv,3
CATEGORY/PRODUCT MANAGER,Product Manager,Sp-Berner,Spain,Valencian Community,Aldaya,Unknown,3-5,Manager,Market Research; Brand Design; Stakeholder Management; Communication; Leadership; Cross-functional Collaboration; Analytical Thinking; Strategic Thinking,Higher Education; Other,Excel; PowerPoint,20250822_143048_DataPM_result_batch_3.csv,4
Product Manager,Product Manager,BrainRocket,Spain,Valencian Community,Valencia,Full-time,0-3,Mid,Product Strategy; Market Research; Competitive Analysis; Stakeholder Management; Cross-functional Collaboration; Problem Solving; Analytical Thinking,,,20250822_143048_DataPM_result_batch_3.csv,5
Product Manager,Product Manager,BrainRocket,Spain,Valencian Community,Valencia,Full-time,0-3,Mid,Product Strategy; Product Development; Product Roadmapping; Market Research; Competitive Analysis; Stakeholder Management; Cross-functional Collaboration; Product Analytics; Data Analysis; Problem Solving; Technical Writing,,SQL; DataRobot,20250822_143048_DataPM_result_batch_3.csv,6
JOIN OUR PRODUCT MANAGEMENT TEAM!,Product Manager,SanLucarian,Spain,Valencian Community,Puzol,Full-time,0-3,Unknown,Market Research; Competitive Analysis; Negotiation; Communication; Stakeholder Management,Engineering; Bachelor's Degree,,20250822_143048_DataPM_result_batch_3.csv,7
Product Manager - TOS UI,Product Manager,Navis,Spain,Valencian Community,Valencia,Full-time,5+,Manager,Stakeholder Management; Cross-functional Collaboration; Requirements Gathering; Product Development; Product Analytics; Product Roadmapping; User Stories; Feature Prioritization,,Jira; Confluence,20250822_143048_DataPM_result_batch_3.csv,8
New Product Introduction (NPI) Expert,Process Analyst,PowerCo Spain,Spain,Valencian Community,Valencia,Full-time,0-3,Unknown,Process Optimization; Regulatory Compliance; Quality Assurance; Quality Control; Data Analysis,Master's Degree; Engineering,,20250822_143048_DataPM_result_batch_3.csv,9
ESG Associate Product Manager,Product Analyst,Apex Group,Spain,Valencian Community,Valencia,Full-time,0-3,Mid,Product Strategy; Product Development; Product Roadmapping; Feature Prioritization; User Stories; Requirements Gathering; Market Research; Competitive Analysis; Product Analytics; User Research; UI/UX Design; Agile; Stakeholder Management; Cross-functional Collaboration; Communication; Problem Solving; Analytical Thinking; Product Lifecycle Management; A/B Testing; Data Analysis; Data Visualization; Usability Testing; KPI Definition,Bachelor's Degree; Master's Degree; Engineering,Jira; Figma; Slack; Microsoft Teams; Zoom; Google Meet; Miro; Mural; Whimsical; Lucidchart; Jamboard; FigJam; MS Whiteboard; Dropbox; Google Drive; OneDrive; Box; Microsoft Office; Excel; PowerPoint; Word; Outlook; Google Workspace; Notion; Confluence; Tableau; Power BI; Looker; Mode; Metabase; Redash; Superset,20250822_143048_DataPM_result_batch_4.csv,0
Administrativo/a en calidad de producto,Quality Analyst,ALE-HOP,Spain,Valencian Community,Oliva,Full-time,3-5,Unknown,Regulatory Compliance; Quality Assurance,Bachelor's Degree,Microsoft Office,20250822_143048_DataPM_result_batch_4.csv,1
ESG Product Manager,Product Manager,Apex Group,Spain,Valencian Community,Valencia,Full-time,5+,Manager,Product Strategy; Product Development; Product Roadmapping; Feature Prioritization; User Stories; Requirements Gathering; Market Research; Competitive Analysis; Product Analytics; Stakeholder Management; Cross-functional Collaboration; Communication; Problem Solving; Analytical Thinking; Agile; User Research; Wireframing; UI/UX Design; Product Lifecycle Management; Product Launch; Launch Planning; Experimentation; Product Ops support tasks; Technical Writing,Bachelor's Degree; Master's Degree; Engineering,SQL; Tableau; Power BI; Google Analytics; Looker; Figma; Sketch; Adobe XD; Jira; Confluence; Trello; Asana; Monday.com; Microsoft Office; Excel; PowerPoint; Word; Outlook; Google Workspace,20250822_143048_DataPM_result_batch_4.csv,2
Sr Product Manager,Product Manager,EFI,Spain,Valencian Community,Castellón de la Plana,Unknown,5+,Senior,Product Development; Product Launch; Product Strategy; Market Research; Competitive Analysis; Stakeholder Management; Cross-functional Collaboration; Executive Communication; Pricing Strategy; Business Model Design; Financial Analysis; Technical Writing; Communication; Problem Solving; Leadership,Bachelor's Degree,,20250822_143048_DataPM_result_batch_4.csv,3
ESG Associate Product Specialist,Product Manager,Apex Group,Spain,Valencian Community,Valencia,Full-time,3-5,Mid,Project Management; Product Development; Market Research; Competitive Analysis; Stakeholder Management; Communication; Problem Solving; Analytical Thinking; Data Analysis; Data Visualization,Bachelor's Degree; Master's Degree,SQL,20250822_143048_DataPM_result_batch_4.csv,4
PRODUCT PLANNER,Product Manager,SanLucar,Spain,Valencian Community,Puzol,Full-time,3-5,Unknown,Stakeholder Management; Cross-functional Collaboration; Communication; Analytical Thinking; Problem Solving; Process Optimization,Bachelor's Degree,Excel,20250822_143048_DataPM_result_batch_4.csv,5
Crypto Product manager,Product Manager,BrainRocket,Spain,Valencian Community,Valencia,Full-time,0-3,Unknown,Product Strategy; Product Development; Product Launch; Product Roadmapping; Feature Prioritization; Market Research; Competitive Analysis; Product Analytics; Stakeholder Management; Cross-functional Collaboration; Problem Solving; Analytical Thinking,,,20250822_143048_DataPM_result_batch_4.csv,6
Product & Quality Assurance Manager – Sector Espacio y Defensa,Quality Assurance Specialist,Unknown,European Union,Unknown,Unknown,Unknown,5+,Manager,Quality Assurance; Regulatory Compliance; Risk Management; Software Development,Engineering; Other,Microsoft Office,20250822_143048_DataPM_result_batch_4.csv,7
Brands Product Manager Team lead,Product Manager,BrainRocket,Spain,Valencian Community,Valencia,Full-time,5+,Lead,Project Management; Stakeholder Management; Cross-functional Collaboration; Communication; Team Management; Strategic Thinking; Leadership; Regulatory Compliance,,Jira; Confluence; Figma,20250822_143048_DataPM_result_batch_4.csv,8
Senior Product Manager - Omnia,Product Manager,Confluence,Spain,Valencian Community,Valencia,Full-time,5+,Manager,Stakeholder Management; Cross-functional Collaboration; Regulatory Compliance; Change Management; Communication; Problem Solving; Critical Thinking; Analytical Thinking; Business Acumen; Process Optimization; Leadership,Bachelor's Degree; Engineering; Other,Salesforce; Jira; Confluence,20250822_143048_DataPM_result_batch_4.csv,9
Senior Product Manager - native Enterprise AI,Product Manager,Maisa,Spain,Valencian Community,Valencia,Full-time,5+,Senior,Product Strategy; Product Development; Product Roadmapping; Feature Prioritization; User Stories; Requirements Gathering; Market Research; Competitive Analysis; Product Analytics; Growth Hacking; Product Ops support tasks; Opportunity Sizing; Requirement Gathering (detailed); Acceptance Criteria; Go-to-Market (GTM); Launch Planning; Pricing Strategy; Business Model Design; Subscription Models; Churn Reduction; Customer Segmentation; Jobs To Be Done (JTBD); Roadmap Prioritization; Stakeholder Management; Cross-functional Collaboration; Executive Communication; OKRs; KPI Definition; Metrics Design; Performance Measurement; Roadmap Communication; Roadmap tradeoff communication; Launch post-mortems and learnings; Growth Strategy; Product-led Growth (PLG); PLG; User Acquisition; Acquisition Channels (Paid / Organic); Paid Acquisition; Landing Page Conversion Optimization; Monetization; Monetization Strategy; Average Order Value (AOV); AOV; Lifetime Value (LTV / CLTV); LTV; Customer Acquisition Cost (CAC); ARPU / ARPA; MRR / ARR / Churn Metrics; Unit Economics; Attribution Modeling; Campaign Measurement; Channel Partnerships basics; Revenue operations basics (RevOps); Funnel optimization methodology; E-commerce product considerations (checkout optimization); Experimentation Culture; Hypothesis Driven Development; A/B Testing; A/B Test Execution; Multivariate Testing; Experiment Design; Experiment Analysis; Feature Flagging; Experimentation Platform; Experimentation Platform (e.g. Optimizely/VWO); Conversion Rate Optimization (CRO); Conversion Funnels; Funnel Analysis; Funnel Performance; Conversion Rate (CVR) Analysis; Funnel Optimization; AB Testing (statistical foundations); Reporting & Dashboards; KPI Dashboards; Data-driven decision making; Business Intelligence; Data Warehousing concepts; Funnel & Retention Dashboards; Self-serve analytics literacy; API; REST APIs; API awareness (REST/GraphQL); API Design Awareness; Microservices; Microservices awareness; Cloud Computing; Cloud Computing awareness; Infrastructure as Code; Infrastructure as Code (awareness); Terraform; Pulumi; DevOps literacy; CI/CD awareness; System Design; System Design awareness; Technical Specification; Instrumentation & Telemetry basics; Security & Privacy awareness (GDPR); Performance optimization awareness; Mobile product considerations (iOS/Android differences); App performance monitoring basics; MLOps awareness; Machine Learning literacy for PMs; Model evaluation basics (precision/recall/AUC); NLP awareness; Ethical AI awareness; Generative AI awareness; Prompt engineering basics (for GenAI products); Communication; Problem Solving; Critical Thinking; Analytical Thinking; Business Acumen; Strategic Thinking; Leadership; Team Management; Presentation Skills; Negotiation; Conflict Resolution; Time Management; Organization; Regulatory Compliance; Quality Assurance; Quality Control; Process Optimization; Supply Chain Management; Logistics; Healthcare Knowledge; Financial Analysis; Risk Management; Auditing; Document Management; Technical Writing; Training; Mentoring; Coaching; Customer Success alignment; Sales enablement understanding; Account Management basics; Support escalation processes; Localization / Internationalization basics; Ethical product considerations; Data Privacy Impact Assessment (basic); Developer experience awareness (DX); Internal tools product awareness; Mobile-first mindset; Progressive Web App awareness; Offline-first design awareness; App store and store policy awareness (iOS/Android); Regulatory compliance for health/med apps (HIPAA/GDPR basics); B2B vs B2C product differences awareness; Feature adoption analysis; Cohort retention monitoring; Churn root cause analysis; AARRR framework fluency; Growth loops design; Optimization backlog management; Cost-benefit analysis; P&L awareness (basic); Investment case building; Stakeholder ROI communication; Supplier / Vendor Management; Contract Basics (SOW awareness); Audit & Traceability basics; SLA awareness; Hiring & Interviewing (for PMs); Mentoring & Coaching; Influence without authority; Empathy & user-centric mindset; Storytelling with data; Facilitation; Machine Learning; AI; NLP,,AWS; Azure; GCP; Figma; Jira; Confluence; Salesforce; GraphQL,20250822_143048_DataPM_result_batch_5.csv,0
"Senior Product Manager (Payments Platform, Disbursements)",Product Manager,Flywire,Spain,Valencian Community,Valencia,Full-time,5+,Senior,Product Roadmapping; Stakeholder Management; Cross-functional Collaboration; Communication; Problem Solving; Analytical Thinking,,,20250822_143048_DataPM_result_batch_5.csv,1
